연도,학교,기숙사 수용률,2023기준 존재여부
2022,가야대학교(김해) ,34.3,False
2022,가천대학교 ,14.9,False
2022,가톨릭관동대학교 ,42.5,False
2022,가톨릭꽃동네대학교 ,45.4,False
2022,가톨릭대학교 ,16.7,False
2022,가톨릭대학교 _제2캠퍼스,7.5,False
2022,가톨릭대학교 _제3캠퍼스,102.0,False
2022,감리교신학대학교 ,26.0,False
2022,강남대학교 ,14.5,False
2022,강서대학교 ,7.8,False
2022,강원대학교 ,29.0,False
2022,강원대학교 _제2캠퍼스,47.1,False
2022,건국대학교 ,19.3,False
2022,건국대학교(글로컬) _분교,33.2,False
2022,건양대학교 ,46.3,False
2022,건양대학교 _제2캠퍼스,34.9,False
2022,경기대학교 ,18.8,False
2022,경기대학교 _제2캠퍼스,0.0,False
2022,경남대학교 ,15.5,False
2022,경동대학교 ,63.6,False
2022,경동대학교 _제3캠퍼스,26.6,False
2022,경동대학교 _제4캠퍼스,18.6,False
2022,경북대학교 ,24.0,False
2022,경상국립대학교 ,28.8,False
2022,경성대학교 ,11.8,False
2022,경운대학교 ,35.1,False
2022,경인교육대학교 ,36.0,False
2022,경인교육대학교 _제2캠퍼스,54.5,False
2022,경일대학교 ,23.0,False
2022,경희대학교 ,17.2,False
2022,계명대학교 ,13.3,False
2022,고려대학교 ,11.9,False
2022,고려대학교(세종) _분교,36.9,False
2022,고신대학교 ,39.5,False
2022,공주교육대학교 ,47.1,False
2022,광신대학교 ,23.8,False
2022,광운대학교 ,12.2,False
2022,광주가톨릭대학교 ,237.2,False
2022,광주과학기술원 ,105.9,False
2022,광주교육대학교 ,37.9,False
2022,광주대학교 ,29.9,False
2022,광주여자대학교 ,28.7,False
2022,국립강릉원주대학교 ,39.4,False
2022,국립강릉원주대학교 _제2캠퍼스,30.0,False
2022,국립경국대학교 ,32.0,False
2022,국립공주대학교 ,32.3,False
2022,국립군산대학교 ,22.6,False
2022,국립금오공과대학교 ,47.7,False
2022,국립목포대학교 ,25.1,False
2022,국립목포해양대학교 ,92.0,False
2022,국립부경대학교 ,24.4,False
2022,국립순천대학교 ,28.4,False
2022,국립창원대학교 ,27.2,False
2022,국립한국교통대학교 ,26.7,False
2022,국립한국해양대학교 ,46.0,False
2022,국립한밭대학교 ,18.4,False
2022,국민대학교 ,11.9,False
2022,극동대학교 ,15.8,False
2022,금강대학교 ,292.6,False
2022,김천대학교 ,44.4,False
2022,나사렛대학교 ,19.3,False
2022,남부대학교 ,31.5,False
2022,남서울대학교 ,14.0,False
2022,단국대학교 ,19.4,False
2022,단국대학교 _제2캠퍼스,20.0,False
2022,대구가톨릭대학교 ,23.6,False
2022,대구경북과학기술원 ,115.9,False
2022,대구교육대학교 ,28.6,False
2022,대구대학교 ,25.2,False
2022,대구예술대학교 ,30.3,False
2022,대구한의대학교 ,18.8,False
2022,대신대학교 ,18.9,False
2022,대전가톨릭대학교 ,961.1,False
2022,대전대학교 ,25.6,False
2022,대전신학대학교 ,25.8,False
2022,대진대학교 ,21.1,False
2022,덕성여자대학교 ,15.8,False
2022,동국대학교 ,14.0,False
2022,동국대학교(WISE) _분교,24.9,False
2022,동덕여자대학교 ,10.9,False
2022,동명대학교 ,14.2,False
2022,동서대학교 ,22.4,False
2022,동신대학교 ,22.0,False
2022,동아대학교 ,13.0,False
2022,동양대학교 ,54.2,False
2022,동의대학교 ,21.0,False
2022,루터대학교 ,27.5,False
2022,명지대학교 ,30.4,False
2022,명지대학교 _제2캠퍼스,11.9,False
2022,목원대학교 ,20.8,False
2022,목포가톨릭대학교 ,41.3,False
2022,배재대학교 ,21.1,False
2022,백석대학교 ,14.5,False
2022,부산가톨릭대학교 ,13.2,False
2022,부산교육대학교 ,47.2,False
2022,부산대학교 ,21.1,False
2022,부산외국어대학교 ,23.0,False
2022,부산장신대학교 ,65.8,False
2022,삼육대학교 ,23.3,False
2022,상명대학교 ,8.7,False
2022,상명대학교 _제2캠퍼스,19.3,False
2022,상지대학교 ,13.6,False
2022,서강대학교 ,12.9,False
2022,서경대학교 ,10.9,False
2022,서울과학기술대학교 ,22.5,False
2022,서울교육대학교 ,30.5,False
2022,서울기독대학교 ,18.4,False
2022,서울대학교 ,25.1,False
2022,서울시립대학교 ,11.4,False
2022,서울신학대학교 ,14.6,False
2022,서울여자대학교 ,12.3,False
2022,서울장신대학교 ,54.5,False
2022,서울한영대학교 ,14.6,False
2022,서원대학교 ,14.5,False
2022,선문대학교 ,39.4,False
2022,성결대학교 ,11.3,False
2022,성공회대학교 ,22.1,False
2022,성균관대학교 ,21.5,False
2022,성신여자대학교 ,11.1,False
2022,세명대학교 ,47.3,False
2022,세종대학교 ,11.6,False
2022,세한대학교 ,34.7,False
2022,송원대학교 ,14.1,False
2022,수원가톨릭대학교 ,154.7,False
2022,수원대학교 ,11.9,False
2022,숙명여자대학교 ,12.3,False
2022,순복음총회신학교 ,126.0,False
2022,순천향대학교 ,41.2,False
2022,숭실대학교 ,11.5,False
2022,신경주대학교 ,57.2,False
2022,신라대학교 ,15.8,False
2022,신한대학교 ,53.9,False
2022,신한대학교 _제2캠퍼스,5.5,False
2022,아신대학교 ,31.1,False
2022,아주대학교 ,31.8,False
2022,안양대학교 ,1.9,False
2022,안양대학교 _제2캠퍼스,78.2,False
2022,연세대학교 ,35.7,False
2022,연세대학교(미래) _분교,59.1,False
2022,영남대학교 ,14.0,False
2022,영남신학대학교 ,53.7,False
2022,영산대학교 ,34.2,False
2022,영산대학교 _제2캠퍼스,21.2,False
2022,영산선학대학교 ,310.5,False
2022,예수대학교 ,15.7,False
2022,예원예술대학교 ,0.0,False
2022,예원예술대학교 _제2캠퍼스,29.7,False
2022,용인대학교 ,11.5,False
2022,우석대학교 ,27.7,False
2022,우송대학교 ,20.4,False
2022,울산과학기술원 ,78.9,False
2022,울산대학교 ,20.9,False
2022,원광대학교 ,26.6,False
2022,위덕대학교 ,23.7,False
2022,유원대학교 ,37.2,False
2022,을지대학교 ,16.7,False
2022,을지대학교 _제2캠퍼스,14.8,False
2022,을지대학교 _제3캠퍼스,25.8,False
2022,이화여자대학교 ,22.4,False
2022,인제대학교 ,25.8,False
2022,인제대학교 _제2캠퍼스,13.5,False
2022,인천가톨릭대학교 ,27.0,False
2022,인천대학교 ,25.9,False
2022,인하대학교 ,13.1,False
2022,장로회신학대학교 ,32.6,False
2022,전남대학교 ,22.5,False
2022,전남대학교 _제2캠퍼스,34.9,False
2022,전북대학교 ,25.1,False
2022,전주교육대학교 ,41.8,False
2022,전주대학교 ,17.0,False
2022,제주국제대학교 ,28.7,False
2022,제주대학교 ,20.7,False
2022,조선대학교 ,12.7,False
2022,중부대학교 ,22.7,False
2022,중앙대학교 ,12.9,False
2022,중앙대학교 _제2캠퍼스,38.9,False
2022,중앙승가대학교 ,194.5,False
2022,중원대학교 ,82.0,False
2022,진주교육대학교 ,10.0,False
2022,차의과학대학교 ,23.3,False
2022,창신대학교 ,52.0,False
2022,청운대학교 ,18.9,False
2022,청주교육대학교 ,40.0,False
2022,청주대학교 ,21.3,False
2022,초당대학교 ,37.4,False
2022,총신대학교 ,55.4,False
2022,추계예술대학교 ,13.4,False
2022,춘천교육대학교 ,59.3,False
2022,충남대학교 ,24.2,False
2022,충북대학교 ,27.1,False
2022,칼빈대학교 ,52.2,False
2022,평택대학교 ,33.4,False
2022,포항공과대학교 ,97.6,False
2022,한경국립대학교 ,25.2,False
2022,한국공학대학교 ,36.5,False
2022,한국과학기술원 ,59.5,False
2022,한국교원대학교 ,60.8,False
2022,한국국제대학교 ,236.0,False
2022,한국기술교육대학교 ,80.4,False
2022,한국성서대학교 ,15.7,False
2022,한국에너지공과대학교 ,74.7,False
2022,한국예술종합학교 ,9.1,False
2022,한국외국어대학교 ,18.8,False
2022,한국전통문화대학교 ,87.5,False
2022,한국체육대학교 ,37.0,False
2022,한국침례신학대학교 ,37.8,False
2022,한국항공대학교 ,17.1,False
2022,한남대학교 ,12.9,False
2022,한동대학교 ,80.1,False
2022,한라대학교 ,20.2,False
2022,한림대학교 ,34.1,False
2022,한서대학교 ,30.3,False
2022,한성대학교 ,12.4,False
2022,한세대학교 ,14.4,False
2022,한신대학교 ,15.1,False
2022,한양대학교 ,11.4,False
2022,한양대학교(ERICA) _분교,26.4,False
2022,한일장신대학교 ,21.5,False
2022,협성대학교 ,11.7,False
2022,호남대학교 ,21.8,False
2022,호남신학대학교 ,35.9,False
2022,호서대학교 ,27.4,False
2022,호원대학교 ,37.7,False
2022,홍익대학교 ,13.2,False
2022,홍익대학교 _제2캠퍼스,24.9,False
2022,화성의과학대학교 ,27.8,False
2021,가야대학교(김해) ,32.6,False
2021,가천대학교 ,11.5,False
2021,가톨릭관동대학교 ,34.4,False
2021,가톨릭꽃동네대학교 ,46.0,False
2021,가톨릭대학교 ,16.7,False
2021,가톨릭대학교 _제2캠퍼스,5.2,False
2021,가톨릭대학교 _제3캠퍼스,103.7,False
2021,감리교신학대학교 ,22.6,False
2021,강남대학교 ,13.9,False
2021,강서대학교 ,5.8,False
2021,강원대학교 ,28.4,False
2021,강원대학교 _제2캠퍼스,44.8,False
2021,건국대학교 ,18.9,False
2021,건국대학교(글로컬) _분교,31.8,False
2021,건양대학교 ,35.4,False
2021,건양대학교 _제2캠퍼스,31.4,False
2021,경기대학교 ,17.9,False
2021,경기대학교 _제2캠퍼스,0.0,False
2021,경남대학교 ,14.7,False
2021,경동대학교 ,47.4,False
2021,경동대학교 _제3캠퍼스,25.5,False
2021,경동대학교 _제4캠퍼스,17.9,False
2021,경북대학교 ,27.5,False
2021,경상국립대학교 ,24.1,False
2021,경성대학교 ,11.3,False
2021,경운대학교 ,33.9,False
2021,경인교육대학교 ,34.6,False
2021,경인교육대학교 _제2캠퍼스,52.0,False
2021,경일대학교 ,23.1,False
2021,경희대학교 ,17.1,False
2021,계명대학교 ,13.7,False
2021,고려대학교 ,12.2,False
2021,고려대학교(세종) _분교,35.8,False
2021,고신대학교 ,37.3,False
2021,공주교육대학교 ,43.8,False
2021,광신대학교 ,0.0,False
2021,광운대학교 ,12.0,False
2021,광주가톨릭대학교 ,204.6,False
2021,광주과학기술원 ,105.2,False
2021,광주교육대학교 ,37.4,False
2021,광주대학교 ,28.4,False
2021,광주여자대학교 ,14.5,False
2021,국립강릉원주대학교 ,26.4,False
2021,국립강릉원주대학교 _제2캠퍼스,29.3,False
2021,국립경국대학교 ,31.2,False
2021,국립공주대학교 ,31.8,False
2021,국립군산대학교 ,21.6,False
2021,국립금오공과대학교 ,47.1,False
2021,국립목포대학교 ,25.8,False
2021,국립목포해양대학교 ,93.9,False
2021,국립부경대학교 ,23.8,False
2021,국립순천대학교 ,30.4,False
2021,국립창원대학교 ,25.1,False
2021,국립한국교통대학교 ,26.2,False
2021,국립한국해양대학교 ,40.1,False
2021,국립한밭대학교 ,15.3,False
2021,국민대학교 ,11.5,False
2021,극동대학교 ,14.5,False
2021,금강대학교 ,224.1,False
2021,김천대학교 ,49.5,False
2021,나사렛대학교 ,19.4,False
2021,남부대학교 ,29.2,False
2021,남서울대학교 ,13.9,False
2021,단국대학교 ,19.4,False
2021,단국대학교 _제2캠퍼스,19.8,False
2021,대구가톨릭대학교 ,25.3,False
2021,대구경북과학기술원 ,132.9,False
2021,대구교육대학교 ,28.4,False
2021,대구대학교 ,24.7,False
2021,대구예술대학교 ,30.2,False
2021,대구한의대학교 ,18.9,False
2021,대신대학교 ,26.0,False
2021,대전가톨릭대학교 ,798.5,False
2021,대전대학교 ,25.0,False
2021,대전신학대학교 ,35.1,False
2021,대진대학교 ,22.1,False
2021,덕성여자대학교 ,13.1,False
2021,동국대학교 ,11.5,False
2021,동국대학교(WISE) _분교,23.9,False
2021,동덕여자대학교 ,10.4,False
2021,동명대학교 ,14.2,False
2021,동서대학교 ,20.1,False
2021,동신대학교 ,22.2,False
2021,동아대학교 ,12.6,False
2021,동양대학교 ,56.1,False
2021,동의대학교 ,20.2,False
2021,루터대학교 ,26.9,False
2021,명지대학교 ,30.5,False
2021,명지대학교 _제2캠퍼스,11.3,False
2021,목원대학교 ,20.6,False
2021,목포가톨릭대학교 ,27.1,False
2021,배재대학교 ,20.8,False
2021,백석대학교 ,13.6,False
2021,부산가톨릭대학교 ,12.2,False
2021,부산교육대학교 ,46.4,False
2021,부산대학교 ,21.5,False
2021,부산외국어대학교 ,21.7,False
2021,부산장신대학교 ,52.3,False
2021,삼육대학교 ,27.0,False
2021,상명대학교 ,8.5,False
2021,상명대학교 _제2캠퍼스,19.1,False
2021,상지대학교 ,12.9,False
2021,서강대학교 ,12.8,False
2021,서경대학교 ,10.7,False
2021,서울과학기술대학교 ,22.6,False
2021,서울교육대학교 ,29.4,False
2021,서울기독대학교 ,16.2,False
2021,서울대학교 ,25.3,False
2021,서울시립대학교 ,11.6,False
2021,서울신학대학교 ,13.6,False
2021,서울여자대학교 ,12.1,False
2021,서울장신대학교 ,46.8,False
2021,서울한영대학교 ,14.5,False
2021,서원대학교 ,14.2,False
2021,선문대학교 ,39.4,False
2021,성결대학교 ,11.0,False
2021,성공회대학교 ,20.8,False
2021,성균관대학교 ,21.2,False
2021,성신여자대학교 ,10.8,False
2021,세명대학교 ,44.7,False
2021,세종대학교 ,11.0,False
2021,세한대학교 ,35.2,False
2021,송원대학교 ,12.9,False
2021,수원가톨릭대학교 ,136.8,False
2021,수원대학교 ,11.6,False
2021,숙명여자대학교 ,11.9,False
2021,순복음총회신학교 ,93.6,False
2021,순천향대학교 ,40.7,False
2021,숭실대학교 ,11.6,False
2021,신경주대학교 ,53.6,False
2021,신라대학교 ,14.4,False
2021,신한대학교 ,52.0,False
2021,신한대학교 _제2캠퍼스,5.4,False
2021,아신대학교 ,26.9,False
2021,아주대학교 ,26.3,False
2021,안양대학교 ,2.7,False
2021,안양대학교 _제2캠퍼스,68.7,False
2021,연세대학교 ,36.0,False
2021,연세대학교(미래) _분교,57.6,False
2021,영남대학교 ,15.1,False
2021,영남신학대학교 ,48.3,False
2021,영산대학교 ,31.4,False
2021,영산대학교 _제2캠퍼스,21.0,False
2021,영산선학대학교 ,347.1,False
2021,예수대학교 ,15.6,False
2021,예원예술대학교 ,0.0,False
2021,예원예술대학교 _제2캠퍼스,26.7,False
2021,용인대학교 ,8.4,False
2021,우석대학교 ,27.8,False
2021,우송대학교 ,22.3,False
2021,울산과학기술원 ,47.8,False
2021,울산대학교 ,20.1,False
2021,원광대학교 ,23.7,False
2021,위덕대학교 ,23.9,False
2021,유원대학교 ,29.1,False
2021,을지대학교 ,25.4,False
2021,을지대학교 _제2캠퍼스,13.5,False
2021,을지대학교 _제3캠퍼스,23.6,False
2021,이화여자대학교 ,21.7,False
2021,인제대학교 ,24.9,False
2021,인제대학교 _제2캠퍼스,10.9,False
2021,인천가톨릭대학교 ,25.5,False
2021,인천대학교 ,25.6,False
2021,인하대학교 ,12.7,False
2021,장로회신학대학교 ,32.1,False
2021,전남대학교 ,21.9,False
2021,전남대학교 _제2캠퍼스,38.5,False
2021,전북대학교 ,23.9,False
2021,전주교육대학교 ,41.3,False
2021,전주대학교 ,16.7,False
2021,제주국제대학교 ,19.9,False
2021,제주대학교 ,26.3,False
2021,조선대학교 ,12.3,False
2021,중부대학교 ,23.3,False
2021,중앙대학교 ,13.1,False
2021,중앙대학교 _제2캠퍼스,38.0,False
2021,중앙승가대학교 ,184.3,False
2021,중원대학교 ,77.8,False
2021,진주교육대학교 ,9.8,False
2021,차의과학대학교 ,24.4,False
2021,창신대학교 ,48.9,False
2021,청운대학교 ,19.0,False
2021,청주교육대학교 ,38.2,False
2021,청주대학교 ,21.0,False
2021,초당대학교 ,33.2,False
2021,총신대학교 ,52.1,False
2021,추계예술대학교 ,14.4,False
2021,춘천교육대학교 ,58.2,False
2021,충남대학교 ,23.5,False
2021,충북대학교 ,26.8,False
2021,칼빈대학교 ,38.4,False
2021,평택대학교 ,29.2,False
2021,포항공과대학교 ,100.1,False
2021,한경국립대학교 ,24.6,False
2021,한국공학대학교 ,37.0,False
2021,한국과학기술원 ,58.7,False
2021,한국교원대학교 ,58.4,False
2021,한국기술교육대학교 ,80.7,False
2021,한국성서대학교 ,15.2,False
2021,한국예술종합학교 ,7.8,False
2021,한국외국어대학교 ,18.1,False
2021,한국전통문화대학교 ,90.2,False
2021,한국체육대학교 ,35.7,False
2021,한국침례신학대학교 ,25.6,False
2021,한국항공대학교 ,18.1,False
2021,한남대학교 ,13.3,False
2021,한동대학교 ,66.8,False
2021,한라대학교 ,18.6,False
2021,한려대학교 ,73.0,False
2021,한림대학교 ,33.2,False
2021,한서대학교 ,28.4,False
2021,한성대학교 ,12.6,False
2021,한세대학교 ,14.1,False
2021,한신대학교 ,16.8,False
2021,한양대학교 ,11.1,False
2021,한양대학교(ERICA) _분교,27.1,False
2021,한일장신대학교 ,22.0,False
2021,협성대학교 ,11.2,False
2021,호남대학교 ,19.5,False
2021,호남신학대학교 ,36.1,False
2021,호서대학교 ,25.4,False
2021,호원대학교 ,38.8,False
2021,홍익대학교 ,13.8,False
2021,홍익대학교 _제2캠퍼스,23.7,False
2021,화성의과학대학교 ,22.3,False
2020,가야대학교(김해) ,30.4,False
2020,가천대학교 ,12.1,False
2020,가톨릭관동대학교 ,36.4,False
2020,가톨릭꽃동네대학교 ,43.1,False
2020,가톨릭대학교 ,16.3,False
2020,가톨릭대학교 _제2캠퍼스,7.8,False
2020,가톨릭대학교 _제3캠퍼스,107.4,False
2020,감리교신학대학교 ,21.4,False
2020,강남대학교 ,13.7,False
2020,강서대학교 ,7.2,False
2020,강원대학교 ,28.4,False
2020,강원대학교 _제2캠퍼스,48.4,False
2020,건국대학교 ,18.9,False
2020,건국대학교(글로컬) _분교,31.9,False
2020,건양대학교 ,42.4,False
2020,건양대학교 _제2캠퍼스,34.6,False
2020,경기대학교 ,18.1,False
2020,경기대학교 _제2캠퍼스,0.0,False
2020,경남과학기술대학교 ,18.0,False
2020,경남대학교 ,14.2,False
2020,경동대학교 ,63.3,False
2020,경동대학교 _제3캠퍼스,25.3,False
2020,경동대학교 _제4캠퍼스,21.9,False
2020,경북대학교 ,26.8,False
2020,경상국립대학교 ,24.4,False
2020,경성대학교 ,11.0,False
2020,경운대학교 ,34.4,False
2020,경인교육대학교 ,39.4,False
2020,경인교육대학교 _제2캠퍼스,51.9,False
2020,경일대학교 ,22.9,False
2020,경희대학교 ,20.6,False
2020,계명대학교 ,14.0,False
2020,고려대학교 ,10.8,False
2020,고려대학교(세종) _분교,37.6,False
2020,고신대학교 ,36.5,False
2020,공주교육대학교 ,45.4,False
2020,광신대학교 ,23.4,False
2020,광운대학교 ,12.4,False
2020,광주가톨릭대학교 ,184.3,False
2020,광주과학기술원 ,103.1,False
2020,광주교육대학교 ,36.4,False
2020,광주대학교 ,27.4,False
2020,광주여자대학교 ,29.1,False
2020,국립강릉원주대학교 ,36.5,False
2020,국립강릉원주대학교 _제2캠퍼스,29.5,False
2020,국립경국대학교 ,29.3,False
2020,국립공주대학교 ,29.8,False
2020,국립군산대학교 ,21.0,False
2020,국립금오공과대학교 ,45.6,False
2020,국립목포대학교 ,22.7,False
2020,국립목포해양대학교 ,94.9,False
2020,국립부경대학교 ,23.4,False
2020,국립순천대학교 ,29.3,False
2020,국립창원대학교 ,25.2,False
2020,국립한국교통대학교 ,24.1,False
2020,국립한국해양대학교 ,43.2,False
2020,국립한밭대학교 ,14.9,False
2020,국민대학교 ,11.7,False
2020,극동대학교 ,12.7,False
2020,금강대학교 ,154.1,False
2020,김천대학교 ,50.3,False
2020,나사렛대학교 ,26.3,False
2020,남부대학교 ,24.3,False
2020,남서울대학교 ,13.7,False
2020,단국대학교 ,19.1,False
2020,단국대학교 _제2캠퍼스,19.3,False
2020,대구가톨릭대학교 ,24.1,False
2020,대구경북과학기술원 ,132.9,False
2020,대구교육대학교 ,27.5,False
2020,대구대학교 ,21.2,False
2020,대구예술대학교 ,24.9,False
2020,대구한의대학교 ,14.9,False
2020,대신대학교 ,13.0,False
2020,대전가톨릭대학교 ,682.9,False
2020,대전대학교 ,23.8,False
2020,대전신학대학교 ,0.0,False
2020,대진대학교 ,21.2,False
2020,덕성여자대학교 ,15.3,False
2020,동국대학교 ,11.4,False
2020,동국대학교(WISE) _분교,22.9,False
2020,동덕여자대학교 ,10.7,False
2020,동명대학교 ,13.8,False
2020,동서대학교 ,19.0,False
2020,동신대학교 ,21.7,False
2020,동아대학교 ,12.8,False
2020,동양대학교 ,55.1,False
2020,동의대학교 ,20.6,False
2020,루터대학교 ,25.6,False
2020,명지대학교 ,30.8,False
2020,명지대학교 _제2캠퍼스,12.1,False
2020,목원대학교 ,19.8,False
2020,목포가톨릭대학교 ,39.9,False
2020,배재대학교 ,20.1,False
2020,백석대학교 ,13.7,False
2020,부산가톨릭대학교 ,11.9,False
2020,부산교육대학교 ,40.1,False
2020,부산대학교 ,20.5,False
2020,부산외국어대학교 ,20.2,False
2020,부산장신대학교 ,49.9,False
2020,삼육대학교 ,26.5,False
2020,상명대학교 ,10.3,False
2020,상명대학교 _제2캠퍼스,18.7,False
2020,상지대학교 ,12.4,False
2020,서강대학교 ,13.0,False
2020,서경대학교 ,11.1,False
2020,서울과학기술대학교 ,22.5,False
2020,서울교육대학교 ,57.5,False
2020,서울기독대학교 ,0.0,False
2020,서울대학교 ,25.3,False
2020,서울시립대학교 ,11.4,False
2020,서울신학대학교 ,14.0,False
2020,서울여자대학교 ,12.1,False
2020,서울장신대학교 ,39.1,False
2020,서울한영대학교 ,14.3,False
2020,서원대학교 ,14.1,False
2020,선문대학교 ,38.8,False
2020,성결대학교 ,11.0,False
2020,성공회대학교 ,22.3,False
2020,성균관대학교 ,21.4,False
2020,성신여자대학교 ,9.7,False
2020,세명대학교 ,41.7,False
2020,세종대학교 ,11.0,False
2020,세한대학교 ,34.2,False
2020,송원대학교 ,14.3,False
2020,수원가톨릭대학교 ,144.1,False
2020,수원대학교 ,11.2,False
2020,숙명여자대학교 ,12.5,False
2020,순복음총회신학교 ,86.5,False
2020,순천향대학교 ,38.9,False
2020,숭실대학교 ,11.5,False
2020,신경주대학교 ,43.9,False
2020,신라대학교 ,13.5,False
2020,신한대학교 ,50.4,False
2020,신한대학교 _제2캠퍼스,5.4,False
2020,아신대학교 ,32.1,False
2020,아주대학교 ,26.6,False
2020,안양대학교 ,2.8,False
2020,안양대학교 _제2캠퍼스,76.1,False
2020,연세대학교 ,36.6,False
2020,연세대학교(미래) _분교,56.4,False
2020,영남대학교 ,15.4,False
2020,영남신학대학교 ,49.5,False
2020,영산대학교 ,26.9,False
2020,영산대학교 _제2캠퍼스,19.3,False
2020,영산선학대학교 ,448.3,False
2020,예수대학교 ,15.2,False
2020,예원예술대학교 ,0.0,False
2020,예원예술대학교 _제2캠퍼스,26.5,False
2020,용인대학교 ,16.8,False
2020,우석대학교 ,28.4,False
2020,우송대학교 ,19.8,False
2020,울산과학기술원 ,100.5,False
2020,울산대학교 ,19.9,False
2020,원광대학교 ,23.3,False
2020,위덕대학교 ,22.1,False
2020,유원대학교 ,47.4,False
2020,을지대학교 ,12.8,False
2020,을지대학교 _제2캠퍼스,12.8,False
2020,이화여자대학교 ,22.9,False
2020,인제대학교 ,25.0,False
2020,인제대학교 _제2캠퍼스,11.3,False
2020,인천가톨릭대학교 ,25.8,False
2020,인천대학교 ,17.4,False
2020,인하대학교 ,12.8,False
2020,장로회신학대학교 ,32.5,False
2020,전남대학교 ,21.7,False
2020,전남대학교 _제2캠퍼스,40.1,False
2020,전북대학교 ,23.8,False
2020,전주교육대학교 ,40.8,False
2020,전주대학교 ,17.1,False
2020,제주국제대학교 ,15.9,False
2020,제주대학교 ,27.8,False
2020,조선대학교 ,11.8,False
2020,중부대학교 ,23.2,False
2020,중앙대학교 ,12.1,False
2020,중앙대학교 _제2캠퍼스,38.7,False
2020,중앙승가대학교 ,151.7,False
2020,중원대학교 ,73.6,False
2020,진주교육대학교 ,28.1,False
2020,차의과학대학교 ,24.0,False
2020,창신대학교 ,46.4,False
2020,청운대학교 ,16.9,False
2020,청주교육대학교 ,51.2,False
2020,청주대학교 ,20.7,False
2020,초당대학교 ,38.0,False
2020,총신대학교 ,51.6,False
2020,추계예술대학교 ,13.9,False
2020,춘천교육대학교 ,57.5,False
2020,충남대학교 ,23.1,False
2020,충북대학교 ,26.4,False
2020,칼빈대학교 ,24.8,False
2020,평택대학교 ,28.3,False
2020,포항공과대학교 ,109.6,False
2020,한경국립대학교 ,22.7,False
2020,한국공학대학교 ,38.1,False
2020,한국과학기술원 ,71.9,False
2020,한국교원대학교 ,57.7,False
2020,한국국제대학교 ,105.5,False
2020,한국기술교육대학교 ,70.1,False
2020,한국방송통신대학교 ,0.0,False
2020,한국성서대학교 ,15.4,False
2020,한국예술종합학교 ,13.2,False
2020,한국외국어대학교 ,19.6,False
2020,한국전통문화대학교 ,99.8,False
2020,한국체육대학교 ,34.4,False
2020,한국침례신학대학교 ,31.2,False
2020,한국항공대학교 ,17.9,False
2020,한남대학교 ,13.2,False
2020,한동대학교 ,75.0,False
2020,한라대학교 ,16.7,False
2020,한려대학교 ,70.9,False
2020,한림대학교 ,33.1,False
2020,한서대학교 ,27.9,False
2020,한성대학교 ,11.1,False
2020,한세대학교 ,15.5,False
2020,한신대학교 ,17.3,False
2020,한양대학교 ,11.9,False
2020,한양대학교(ERICA) _분교,26.9,False
2020,한일장신대학교 ,18.3,False
2020,협성대학교 ,10.0,False
2020,호남대학교 ,21.8,False
2020,호남신학대학교 ,32.2,False
2020,호서대학교 ,18.6,False
2020,호원대학교 ,42.5,False
2020,홍익대학교 ,13.4,False
2020,홍익대학교 _제2캠퍼스,23.0,False
2020,화성의과학대학교 ,18.3,False
2019,가야대학교(김해) ,27.2,False
2019,가천대학교 ,11.2,False
2019,가톨릭관동대학교 ,36.3,False
2019,가톨릭꽃동네대학교 ,42.9,False
2019,가톨릭대학교 ,15.9,False
2019,가톨릭대학교 _제2캠퍼스,7.7,False
2019,가톨릭대학교 _제3캠퍼스,107.7,False
2019,감리교신학대학교 ,21.2,False
2019,강남대학교 ,13.5,False
2019,강서대학교 ,9.4,False
2019,강원대학교 ,28.8,False
2019,강원대학교 _제2캠퍼스,48.1,False
2019,건국대학교 ,18.5,False
2019,건국대학교(글로컬) _분교,30.8,False
2019,건양대학교 ,40.5,False
2019,건양대학교 _제2캠퍼스,34.0,False
2019,경기대학교 ,18.0,False
2019,경기대학교 _제2캠퍼스,0.0,False
2019,경남과학기술대학교 ,18.8,False
2019,경남대학교 ,13.8,False
2019,경동대학교 ,56.0,False
2019,경동대학교 _제3캠퍼스,26.5,False
2019,경동대학교 _제4캠퍼스,23.6,False
2019,경북대학교 ,22.0,False
2019,경상국립대학교 ,28.9,False
2019,경성대학교 ,11.1,False
2019,경운대학교 ,33.1,False
2019,경인교육대학교 ,39.5,False
2019,경인교육대학교 _제2캠퍼스,54.6,False
2019,경일대학교 ,23.4,False
2019,경희대학교 ,21.4,False
2019,계명대학교 ,10.8,False
2019,고려대학교 ,10.7,False
2019,고려대학교(세종) _분교,37.2,False
2019,고신대학교 ,36.3,False
2019,공주교육대학교 ,44.4,False
2019,광신대학교 ,24.2,False
2019,광운대학교 ,11.7,False
2019,광주가톨릭대학교 ,208.4,False
2019,광주과학기술원 ,102.0,False
2019,광주교육대학교 ,36.5,False
2019,광주대학교 ,27.8,False
2019,광주여자대학교 ,30.1,False
2019,국립강릉원주대학교 ,36.2,False
2019,국립강릉원주대학교 _제2캠퍼스,29.1,False
2019,국립경국대학교 ,32.8,False
2019,국립공주대학교 ,34.2,False
2019,국립군산대학교 ,21.2,False
2019,국립금오공과대학교 ,44.1,False
2019,국립목포대학교 ,26.8,False
2019,국립목포해양대학교 ,93.2,False
2019,국립부경대학교 ,23.1,False
2019,국립순천대학교 ,29.0,False
2019,국립창원대학교 ,26.6,False
2019,국립한국교통대학교 ,25.9,False
2019,국립한국해양대학교 ,43.8,False
2019,국립한밭대학교 ,14.6,False
2019,국민대학교 ,11.6,False
2019,극동대학교 ,12.8,False
2019,금강대학교 ,155.3,False
2019,김천대학교 ,52.7,False
2019,나사렛대학교 ,26.0,False
2019,남부대학교 ,24.6,False
2019,남서울대학교 ,13.2,False
2019,단국대학교 ,18.8,False
2019,단국대학교 _제2캠퍼스,19.1,False
2019,대구가톨릭대학교 ,23.9,False
2019,대구경북과학기술원 ,131.9,False
2019,대구교육대학교 ,27.6,False
2019,대구대학교 ,21.0,False
2019,대구예술대학교 ,21.4,False
2019,대구한의대학교 ,16.1,False
2019,대신대학교 ,26.6,False
2019,대전가톨릭대학교 ,570.3,False
2019,대전대학교 ,24.2,False
2019,대전신학대학교 ,39.0,False
2019,대진대학교 ,19.8,False
2019,덕성여자대학교 ,13.1,False
2019,동국대학교 ,10.1,False
2019,동국대학교(WISE) _분교,22.6,False
2019,동덕여자대학교 ,11.1,False
2019,동명대학교 ,13.8,False
2019,동서대학교 ,18.8,False
2019,동신대학교 ,21.0,False
2019,동아대학교 ,12.6,False
2019,동양대학교 ,53.2,False
2019,동의대학교 ,20.1,False
2019,루터대학교 ,26.5,False
2019,명지대학교 ,29.1,False
2019,명지대학교 _제2캠퍼스,11.8,False
2019,목원대학교 ,20.1,False
2019,목포가톨릭대학교 ,40.6,False
2019,배재대학교 ,20.5,False
2019,백석대학교 ,13.6,False
2019,부산가톨릭대학교 ,15.9,False
2019,부산교육대학교 ,45.3,False
2019,부산대학교 ,21.3,False
2019,부산외국어대학교 ,19.7,False
2019,부산장신대학교 ,50.5,False
2019,삼육대학교 ,23.0,False
2019,상명대학교 ,10.3,False
2019,상명대학교 _제2캠퍼스,17.3,False
2019,상지대학교 ,13.1,False
2019,서강대학교 ,12.8,False
2019,서경대학교 ,5.0,False
2019,서울과학기술대학교 ,23.1,False
2019,서울교육대학교 ,57.8,False
2019,서울기독대학교 ,14.1,False
2019,서울대학교 ,21.8,False
2019,서울시립대학교 ,11.4,False
2019,서울신학대학교 ,13.3,False
2019,서울여자대학교 ,12.1,False
2019,서울장신대학교 ,44.6,False
2019,서울한영대학교 ,14.9,False
2019,서원대학교 ,14.2,False
2019,선문대학교 ,38.7,False
2019,성결대학교 ,11.0,False
2019,성공회대학교 ,21.2,False
2019,성균관대학교 ,21.3,False
2019,성신여자대학교 ,9.8,False
2019,세명대학교 ,42.5,False
2019,세종대학교 ,11.2,False
2019,세한대학교 ,36.8,False
2019,송원대학교 ,15.1,False
2019,수원가톨릭대학교 ,139.1,False
2019,수원대학교 ,10.8,False
2019,숙명여자대학교 ,11.8,False
2019,순복음총회신학교 ,76.2,False
2019,순천향대학교 ,38.1,False
2019,숭실대학교 ,12.0,False
2019,신경주대학교 ,32.4,False
2019,신라대학교 ,13.4,False
2019,신한대학교 ,29.9,False
2019,신한대학교 _제2캠퍼스,5.5,False
2019,아신대학교 ,30.1,False
2019,아주대학교 ,25.4,False
2019,안양대학교 ,2.7,False
2019,안양대학교 _제2캠퍼스,44.8,False
2019,연세대학교 ,36.7,False
2019,연세대학교(미래) _분교,57.3,False
2019,영남대학교 ,15.0,False
2019,영남신학대학교 ,50.3,False
2019,영산대학교 ,26.1,False
2019,영산대학교 _제2캠퍼스,19.8,False
2019,영산선학대학교 ,424.2,False
2019,예수대학교 ,29.2,False
2019,예원예술대학교 ,0.0,False
2019,예원예술대학교 _제2캠퍼스,27.0,False
2019,용인대학교 ,20.8,False
2019,우석대학교 ,29.5,False
2019,우송대학교 ,21.3,False
2019,울산과학기술원 ,94.1,False
2019,울산대학교 ,15.8,False
2019,원광대학교 ,22.0,False
2019,위덕대학교 ,21.8,False
2019,유원대학교 ,50.5,False
2019,을지대학교 ,20.7,False
2019,을지대학교 _제2캠퍼스,12.9,False
2019,이화여자대학교 ,22.2,False
2019,인제대학교 ,24.1,False
2019,인제대학교 _제2캠퍼스,11.3,False
2019,인천가톨릭대학교 ,26.8,False
2019,인천대학교 ,17.8,False
2019,인하대학교 ,12.7,False
2019,장로회신학대학교 ,31.8,False
2019,전남대학교 ,22.0,False
2019,전남대학교 _제2캠퍼스,34.6,False
2019,전북대학교 ,24.0,False
2019,전주교육대학교 ,41.6,False
2019,전주대학교 ,17.5,False
2019,제주국제대학교 ,12.3,False
2019,제주대학교 ,27.2,False
2019,조선대학교 ,12.0,False
2019,중부대학교 ,24.6,False
2019,중앙대학교 ,12.3,False
2019,중앙대학교 _제2캠퍼스,39.0,False
2019,중앙승가대학교 ,160.7,False
2019,중원대학교 ,56.3,False
2019,진주교육대학교 ,18.2,False
2019,차의과학대학교 ,24.6,False
2019,창신대학교 ,44.7,False
2019,청운대학교 ,19.4,False
2019,청주교육대학교 ,50.7,False
2019,청주대학교 ,21.3,False
2019,초당대학교 ,43.9,False
2019,총신대학교 ,52.8,False
2019,추계예술대학교 ,7.5,False
2019,춘천교육대학교 ,56.1,False
2019,충남대학교 ,22.6,False
2019,충북대학교 ,25.6,False
2019,칼빈대학교 ,0.0,False
2019,평택대학교 ,30.1,False
2019,포항공과대학교 ,111.4,False
2019,한경국립대학교 ,25.1,False
2019,한국공학대학교 ,37.3,False
2019,한국과학기술원 ,72.4,False
2019,한국교원대학교 ,58.9,False
2019,한국국제대학교 ,81.4,False
2019,한국기술교육대학교 ,69.5,False
2019,한국방송통신대학교 ,0.0,False
2019,한국성서대학교 ,15.3,False
2019,한국예술종합학교 ,13.6,False
2019,한국외국어대학교 ,17.9,False
2019,한국전통문화대학교 ,101.7,False
2019,한국체육대학교 ,35.9,False
2019,한국침례신학대학교 ,31.1,False
2019,한국항공대학교 ,17.9,False
2019,한남대학교 ,13.2,False
2019,한동대학교 ,77.6,False
2019,한라대학교 ,17.0,False
2019,한려대학교 ,63.8,False
2019,한림대학교 ,32.2,False
2019,한서대학교 ,28.7,False
2019,한성대학교 ,11.2,False
2019,한세대학교 ,14.9,False
2019,한신대학교 ,18.3,False
2019,한양대학교 ,11.7,False
2019,한양대학교(ERICA) _분교,27.3,False
2019,한일장신대학교 ,20.0,False
2019,협성대학교 ,9.8,False
2019,호남대학교 ,21.4,False
2019,호남신학대학교 ,32.8,False
2019,호서대학교 ,20.2,False
2019,호원대학교 ,43.9,False
2019,홍익대학교 ,12.8,False
2019,홍익대학교 _제2캠퍼스,23.0,False
2019,화성의과학대학교 ,16.4,False
2018,가야대학교(김해) ,25.6,False
2018,가천대학교 ,11.3,False
2018,가톨릭관동대학교 ,35.1,False
2018,가톨릭꽃동네대학교 ,67.0,False
2018,가톨릭대학교 ,14.4,False
2018,가톨릭대학교 _제2캠퍼스,7.7,False
2018,가톨릭대학교 _제3캠퍼스,54.3,False
2018,감리교신학대학교 ,21.4,False
2018,강남대학교 ,13.5,False
2018,강서대학교 ,8.5,False
2018,강원대학교 ,23.3,False
2018,강원대학교 _제2캠퍼스,47.4,False
2018,건국대학교 ,18.5,False
2018,건국대학교(글로컬) _분교,29.2,False
2018,건양대학교 ,38.4,False
2018,건양대학교 _제2캠퍼스,30.8,False
2018,경기대학교 ,18.8,False
2018,경기대학교 _제2캠퍼스,0.0,False
2018,경남과학기술대학교 ,18.3,False
2018,경남대학교 ,13.4,False
2018,경동대학교 ,42.7,False
2018,경동대학교 _제3캠퍼스,29.1,False
2018,경동대학교 _제4캠퍼스,27.8,False
2018,경북대학교 ,22.2,False
2018,경상국립대학교 ,29.5,False
2018,경성대학교 ,11.0,False
2018,경운대학교 ,33.2,False
2018,경인교육대학교 ,39.7,False
2018,경인교육대학교 _제2캠퍼스,53.1,False
2018,경일대학교 ,23.1,False
2018,경희대학교 ,21.4,False
2018,계명대학교 ,10.8,False
2018,고려대학교 ,10.7,False
2018,고려대학교(세종) _분교,37.7,False
2018,고신대학교 ,37.1,False
2018,공주교육대학교 ,43.2,False
2018,광신대학교 ,24.8,False
2018,광운대학교 ,12.2,False
2018,광주가톨릭대학교 ,218.6,False
2018,광주과학기술원 ,101.0,False
2018,광주교육대학교 ,36.1,False
2018,광주대학교 ,26.3,False
2018,광주여자대학교 ,29.5,False
2018,국립강릉원주대학교 ,36.1,False
2018,국립강릉원주대학교 _제2캠퍼스,29.2,False
2018,국립경국대학교 ,31.9,False
2018,국립공주대학교 ,32.5,False
2018,국립군산대학교 ,21.5,False
2018,국립금오공과대학교 ,41.8,False
2018,국립목포대학교 ,26.4,False
2018,국립목포해양대학교 ,68.1,False
2018,국립부경대학교 ,22.7,False
2018,국립순천대학교 ,29.2,False
2018,국립창원대학교 ,28.1,False
2018,국립한국교통대학교 ,25.4,False
2018,국립한국해양대학교 ,41.8,False
2018,국립한밭대학교 ,13.4,False
2018,국민대학교 ,11.3,False
2018,극동대학교 ,12.1,False
2018,금강대학교 ,119.9,False
2018,김천대학교 ,56.9,False
2018,나사렛대학교 ,26.4,False
2018,남부대학교 ,23.8,False
2018,남서울대학교 ,13.3,False
2018,단국대학교 ,19.1,False
2018,단국대학교 _제2캠퍼스,19.0,False
2018,대구가톨릭대학교 ,24.7,False
2018,대구경북과학기술원 ,142.8,False
2018,대구교육대학교 ,27.3,False
2018,대구대학교 ,20.3,False
2018,대구예술대학교 ,19.4,False
2018,대구한의대학교 ,15.1,False
2018,대신대학교 ,28.2,False
2018,대전가톨릭대학교 ,625.3,False
2018,대전대학교 ,24.8,False
2018,대전신학대학교 ,16.3,False
2018,대진대학교 ,20.8,False
2018,덕성여자대학교 ,12.6,False
2018,동국대학교 ,9.6,False
2018,동국대학교(WISE) _분교,22.3,False
2018,동덕여자대학교 ,10.1,False
2018,동명대학교 ,13.8,False
2018,동서대학교 ,19.1,False
2018,동신대학교 ,19.8,False
2018,동아대학교 ,12.3,False
2018,동양대학교 ,53.7,False
2018,동의대학교 ,19.5,False
2018,루터대학교 ,26.2,False
2018,명지대학교 ,28.8,False
2018,명지대학교 _제2캠퍼스,12.1,False
2018,목원대학교 ,20.0,False
2018,목포가톨릭대학교 ,39.1,False
2018,배재대학교 ,20.5,False
2018,백석대학교 ,13.5,False
2018,부산가톨릭대학교 ,15.7,False
2018,부산교육대학교 ,44.8,False
2018,부산대학교 ,14.2,False
2018,부산외국어대학교 ,19.0,False
2018,부산장신대학교 ,44.7,False
2018,삼육대학교 ,15.7,False
2018,상명대학교 ,10.3,False
2018,상명대학교 _제2캠퍼스,17.3,False
2018,상지대학교 ,13.4,False
2018,서강대학교 ,12.1,False
2018,서경대학교 ,5.1,False
2018,서울과학기술대학교 ,22.5,False
2018,서울교육대학교 ,58.3,False
2018,서울기독대학교 ,12.4,False
2018,서울대학교 ,21.6,False
2018,서울시립대학교 ,8.0,False
2018,서울신학대학교 ,13.3,False
2018,서울여자대학교 ,11.1,False
2018,서울장신대학교 ,46.0,False
2018,서울한영대학교 ,15.2,False
2018,서원대학교 ,13.7,False
2018,선문대학교 ,43.4,False
2018,성결대학교 ,11.1,False
2018,성공회대학교 ,6.9,False
2018,성균관대학교 ,21.7,False
2018,성신여자대학교 ,9.9,False
2018,세명대학교 ,42.6,False
2018,세종대학교 ,11.0,False
2018,세한대학교 ,37.0,False
2018,송원대학교 ,12.5,False
2018,수원가톨릭대학교 ,136.8,False
2018,수원대학교 ,10.7,False
2018,숙명여자대학교 ,10.3,False
2018,순복음총회신학교 ,70.2,False
2018,순천향대학교 ,37.6,False
2018,숭실대학교 ,11.8,False
2018,신경주대학교 ,28.4,False
2018,신라대학교 ,12.5,False
2018,신한대학교 ,0.0,False
2018,신한대학교 _제2캠퍼스,5.3,False
2018,아신대학교 ,28.0,False
2018,아주대학교 ,25.8,False
2018,안양대학교 ,1.4,False
2018,안양대학교 _제2캠퍼스,42.2,False
2018,연세대학교 ,35.2,False
2018,연세대학교(미래) _분교,58.3,False
2018,영남대학교 ,14.7,False
2018,영남신학대학교 ,52.4,False
2018,영산대학교 ,26.9,False
2018,영산대학교 _제2캠퍼스,25.0,False
2018,영산선학대학교 ,311.1,False
2018,예수대학교 ,28.2,False
2018,예원예술대학교 ,0.0,False
2018,예원예술대학교 _제2캠퍼스,26.3,False
2018,용인대학교 ,23.2,False
2018,우석대학교 ,30.6,False
2018,우송대학교 ,24.3,False
2018,울산과학기술원 ,89.8,False
2018,울산대학교 ,16.1,False
2018,원광대학교 ,22.1,False
2018,위덕대학교 ,21.1,False
2018,유원대학교 ,35.0,False
2018,을지대학교 ,20.7,False
2018,을지대학교 _제2캠퍼스,12.2,False
2018,이화여자대학교 ,21.4,False
2018,인제대학교 ,24.1,False
2018,인제대학교 _제2캠퍼스,10.5,False
2018,인천가톨릭대학교 ,25.1,False
2018,인천대학교 ,18.2,False
2018,인하대학교 ,12.5,False
2018,장로회신학대학교 ,32.1,False
2018,전남대학교 ,19.8,False
2018,전남대학교 _제2캠퍼스,34.2,False
2018,전북대학교 ,24.2,False
2018,전주교육대학교 ,41.4,False
2018,전주대학교 ,17.0,False
2018,정석대학 ,0.0,False
2018,제주국제대학교 ,10.8,False
2018,제주대학교 ,26.4,False
2018,조선대학교 ,11.6,False
2018,중부대학교 ,17.8,False
2018,중앙대학교 ,11.6,False
2018,중앙대학교 _제2캠퍼스,38.4,False
2018,중앙승가대학교 ,155.1,False
2018,중원대학교 ,61.5,False
2018,진주교육대학교 ,32.9,False
2018,차의과학대학교 ,24.5,False
2018,창신대학교 ,47.8,False
2018,청운대학교 ,19.4,False
2018,청주교육대학교 ,50.1,False
2018,청주대학교 ,18.2,False
2018,초당대학교 ,42.6,False
2018,총신대학교 ,53.4,False
2018,추계예술대학교 ,7.6,False
2018,춘천교육대학교 ,54.9,False
2018,충남대학교 ,22.5,False
2018,충북대학교 ,25.3,False
2018,칼빈대학교 ,64.2,False
2018,평택대학교 ,29.8,False
2018,포항공과대학교 ,110.7,False
2018,한경국립대학교 ,21.9,False
2018,한국공학대학교 ,38.8,False
2018,한국과학기술원 ,72.1,False
2018,한국교원대학교 ,58.3,False
2018,한국국제대학교 ,58.9,False
2018,한국기술교육대학교 ,69.5,False
2018,한국방송통신대학교 ,0.0,False
2018,한국성서대학교 ,15.1,False
2018,한국예술종합학교 ,11.9,False
2018,한국외국어대학교 ,16.1,False
2018,한국전통문화대학교 ,104.6,False
2018,한국체육대학교 ,34.8,False
2018,한국침례신학대학교 ,38.0,False
2018,한국항공대학교 ,17.7,False
2018,한남대학교 ,13.6,False
2018,한동대학교 ,77.5,False
2018,한라대학교 ,16.5,False
2018,한려대학교 ,52.7,False
2018,한림대학교 ,33.3,False
2018,한서대학교 ,28.9,False
2018,한성대학교 ,6.4,False
2018,한세대학교 ,13.3,False
2018,한신대학교 ,18.6,False
2018,한양대학교 ,12.2,False
2018,한양대학교(ERICA) _분교,28.0,False
2018,한일장신대학교 ,21.1,False
2018,협성대학교 ,9.7,False
2018,호남대학교 ,20.8,False
2018,호남신학대학교 ,37.2,False
2018,호서대학교 ,20.3,False
2018,호원대학교 ,41.0,False
2018,홍익대학교 ,12.9,False
2018,홍익대학교 _제2캠퍼스,22.8,False
2018,화성의과학대학교 ,15.8,False
2017,가야대학교(김해) ,26.0,False
2017,가천대학교 ,11.4,False
2017,가톨릭관동대학교 ,34.9,False
2017,가톨릭꽃동네대학교 ,72.1,False
2017,가톨릭대학교 ,14.5,False
2017,가톨릭대학교 _제2캠퍼스,7.6,False
2017,가톨릭대학교 _제3캠퍼스,57.0,False
2017,감리교신학대학교 ,21.4,False
2017,강남대학교 ,13.5,False
2017,강서대학교 ,8.9,False
2017,강원대학교 ,23.1,False
2017,강원대학교 _제2캠퍼스,46.9,False
2017,건국대학교 ,18.5,False
2017,건국대학교(글로컬) _분교,28.7,False
2017,건양대학교 ,44.4,False
2017,건양대학교 _제2캠퍼스,21.7,False
2017,경기대학교 ,19.0,False
2017,경기대학교 _제2캠퍼스,0.0,False
2017,경남과학기술대학교 ,18.3,False
2017,경남대학교 ,13.2,False
2017,경동대학교 ,43.3,False
2017,경동대학교 _제3캠퍼스,35.5,False
2017,경동대학교 _제4캠퍼스,38.9,False
2017,경북대학교 ,21.7,False
2017,경상국립대학교 ,30.3,False
2017,경성대학교 ,11.3,False
2017,경운대학교 ,31.5,False
2017,경인교육대학교 ,39.5,False
2017,경인교육대학교 _제2캠퍼스,54.1,False
2017,경일대학교 ,21.2,False
2017,경희대학교 ,19.3,False
2017,계명대학교 ,10.7,False
2017,고려대학교 ,10.3,False
2017,고려대학교(세종) _분교,37.1,False
2017,고신대학교 ,38.1,False
2017,공주교육대학교 ,43.6,False
2017,광신대학교 ,25.9,False
2017,광운대학교 ,1.8,False
2017,광주가톨릭대학교 ,202.7,False
2017,광주과학기술원 ,100.9,False
2017,광주교육대학교 ,35.7,False
2017,광주대학교 ,27.2,False
2017,광주여자대학교 ,28.9,False
2017,국립강릉원주대학교 ,35.6,False
2017,국립강릉원주대학교 _제2캠퍼스,29.7,False
2017,국립경국대학교 ,32.0,False
2017,국립공주대학교 ,31.2,False
2017,국립군산대학교 ,21.2,False
2017,국립금오공과대학교 ,38.3,False
2017,국립목포대학교 ,25.8,False
2017,국립목포해양대학교 ,69.2,False
2017,국립부경대학교 ,22.7,False
2017,국립순천대학교 ,24.2,False
2017,국립창원대학교 ,27.3,False
2017,국립한국교통대학교 ,24.3,False
2017,국립한국해양대학교 ,40.6,False
2017,국립한밭대학교 ,13.7,False
2017,국민대학교 ,11.2,False
2017,극동대학교 ,12.1,False
2017,금강대학교 ,114.5,False
2017,김천대학교 ,55.0,False
2017,나사렛대학교 ,20.7,False
2017,남부대학교 ,18.5,False
2017,남서울대학교 ,13.1,False
2017,단국대학교 ,19.4,False
2017,단국대학교 _제2캠퍼스,18.8,False
2017,대구가톨릭대학교 ,24.4,False
2017,대구경북과학기술원 ,115.2,False
2017,대구교육대학교 ,27.2,False
2017,대구대학교 ,19.7,False
2017,대구예술대학교 ,17.8,False
2017,대구외국어대학교 ,44.7,False
2017,대구한의대학교 ,15.6,False
2017,대신대학교 ,33.9,False
2017,대전가톨릭대학교 ,508.8,False
2017,대전대학교 ,14.7,False
2017,대전신학대학교 ,25.3,False
2017,대진대학교 ,19.3,False
2017,덕성여자대학교 ,13.2,False
2017,동국대학교 ,9.0,False
2017,동국대학교(WISE) _분교,22.5,False
2017,동덕여자대학교 ,3.8,False
2017,동명대학교 ,13.1,False
2017,동서대학교 ,18.7,False
2017,동신대학교 ,19.8,False
2017,동아대학교 ,11.9,False
2017,동양대학교 ,51.8,False
2017,동의대학교 ,18.9,False
2017,루터대학교 ,24.8,False
2017,명지대학교 ,28.5,False
2017,명지대학교 _제2캠퍼스,11.7,False
2017,목원대학교 ,19.5,False
2017,목포가톨릭대학교 ,36.4,False
2017,배재대학교 ,20.3,False
2017,백석대학교 ,13.4,False
2017,부산가톨릭대학교 ,15.5,False
2017,부산교육대학교 ,44.3,False
2017,부산대학교 ,14.4,False
2017,부산외국어대학교 ,18.6,False
2017,부산장신대학교 ,42.3,False
2017,삼육대학교 ,12.9,False
2017,상명대학교 ,10.7,False
2017,상명대학교 _제2캠퍼스,18.0,False
2017,상지대학교 ,12.6,False
2017,서강대학교 ,12.4,False
2017,서경대학교 ,5.9,False
2017,서남대학교 ,40.7,False
2017,서남대학교 _제2캠퍼스,86.7,False
2017,서울과학기술대학교 ,14.6,False
2017,서울교육대학교 ,58.0,False
2017,서울기독대학교 ,13.1,False
2017,서울대학교 ,21.3,False
2017,서울시립대학교 ,7.9,False
2017,서울신학대학교 ,13.5,False
2017,서울여자대학교 ,10.6,False
2017,서울장신대학교 ,38.7,False
2017,서울한영대학교 ,13.2,False
2017,서원대학교 ,13.2,False
2017,선문대학교 ,44.3,False
2017,성결대학교 ,6.1,False
2017,성공회대학교 ,6.6,False
2017,성균관대학교 ,22.3,False
2017,성신여자대학교 ,8.4,False
2017,세명대학교 ,44.0,False
2017,세종대학교 ,11.0,False
2017,세한대학교 ,39.8,False
2017,송원대학교 ,12.1,False
2017,수원가톨릭대학교 ,145.6,False
2017,수원대학교 ,9.0,False
2017,숙명여자대학교 ,11.0,False
2017,순복음총회신학교 ,63.2,False
2017,순천향대학교 ,37.7,False
2017,숭실대학교 ,11.4,False
2017,신경주대학교 ,22.3,False
2017,신라대학교 ,12.4,False
2017,신한대학교 ,0.0,False
2017,신한대학교 _제2캠퍼스,1.4,False
2017,아신대학교 ,27.5,False
2017,아주대학교 ,25.0,False
2017,안양대학교 ,0.0,False
2017,안양대학교 _제2캠퍼스,29.8,False
2017,연세대학교 ,35.4,False
2017,연세대학교(미래) _분교,57.6,False
2017,영남대학교 ,14.4,False
2017,영남신학대학교 ,52.6,False
2017,영산대학교 ,25.8,False
2017,영산대학교 _제2캠퍼스,19.6,False
2017,영산선학대학교 ,304.3,False
2017,예수대학교 ,29.4,False
2017,예원예술대학교 ,0.0,False
2017,예원예술대학교 _제2캠퍼스,24.3,False
2017,용인대학교 ,14.0,False
2017,우석대학교 ,29.7,False
2017,우송대학교 ,24.7,False
2017,울산과학기술원 ,84.0,False
2017,울산대학교 ,15.9,False
2017,원광대학교 ,22.0,False
2017,위덕대학교 ,20.8,False
2017,유원대학교 ,33.4,False
2017,을지대학교 ,21.2,False
2017,을지대학교 _제2캠퍼스,11.8,False
2017,이화여자대학교 ,22.0,False
2017,인제대학교 ,23.1,False
2017,인제대학교 _제2캠퍼스,10.1,False
2017,인천가톨릭대학교 ,24.2,False
2017,인천대학교 ,10.0,False
2017,인하대학교 ,12.3,False
2017,장로회신학대학교 ,34.1,False
2017,전남대학교 ,19.8,False
2017,전남대학교 _제2캠퍼스,33.9,False
2017,전북대학교 ,24.0,False
2017,전주교육대학교 ,41.4,False
2017,전주대학교 ,16.9,False
2017,정석대학 ,0.0,False
2017,제주국제대학교 ,10.2,False
2017,제주대학교 ,20.5,False
2017,조선대학교 ,11.7,False
2017,중부대학교 ,19.1,False
2017,중앙대학교 ,12.3,False
2017,중앙대학교 _제2캠퍼스,35.6,False
2017,중앙승가대학교 ,129.9,False
2017,중원대학교 ,67.7,False
2017,진주교육대학교 ,32.5,False
2017,차의과학대학교 ,25.5,False
2017,창신대학교 ,54.0,False
2017,청운대학교 ,19.7,False
2017,청주교육대학교 ,50.0,False
2017,청주대학교 ,19.0,False
2017,초당대학교 ,43.6,False
2017,총신대학교 ,51.6,False
2017,추계예술대학교 ,7.2,False
2017,춘천교육대학교 ,54.2,False
2017,충남대학교 ,22.7,False
2017,충북대학교 ,25.5,False
2017,칼빈대학교 ,58.8,False
2017,평택대학교 ,20.7,False
2017,포항공과대학교 ,111.6,False
2017,한경국립대학교 ,24.1,False
2017,한국공학대학교 ,21.7,False
2017,한국과학기술원 ,74.4,False
2017,한국교원대학교 ,59.0,False
2017,한국국제대학교 ,49.7,False
2017,한국기술교육대학교 ,69.0,False
2017,한국방송통신대학교 ,0.0,False
2017,한국성서대학교 ,17.5,False
2017,한국예술종합학교 ,11.9,False
2017,한국외국어대학교 ,15.7,False
2017,한국전통문화대학교(일반) ,107.2,False
2017,한국체육대학교 ,30.7,False
2017,한국침례신학대학교 ,35.7,False
2017,한국항공대학교 ,17.0,False
2017,한남대학교 ,12.8,False
2017,한동대학교 ,76.2,False
2017,한라대학교 ,15.9,False
2017,한려대학교 ,61.1,False
2017,한림대학교 ,32.2,False
2017,한서대학교 ,28.6,False
2017,한성대학교 ,6.7,False
2017,한세대학교 ,11.9,False
2017,한신대학교 ,18.6,False
2017,한양대학교 ,12.5,False
2017,한양대학교(ERICA) _분교,27.5,False
2017,한일장신대학교 ,20.4,False
2017,협성대학교 ,9.8,False
2017,호남대학교 ,20.4,False
2017,호남신학대학교 ,32.1,False
2017,호서대학교 ,20.2,False
2017,호원대학교 ,40.0,False
2017,홍익대학교 ,11.4,False
2017,홍익대학교 _제2캠퍼스,22.1,False
2017,화성의과학대학교 ,14.2,False
2016,가야대학교(김해) ,26.0,False
2016,가천대학교 ,6.2,False
2016,가톨릭관동대학교 ,35.4,False
2016,가톨릭꽃동네대학교 ,85.6,False
2016,가톨릭대학교 ,13.9,False
2016,가톨릭대학교 _제2캠퍼스,7.3,False
2016,가톨릭대학교 _제3캠퍼스,50.3,False
2016,감리교신학대학교 ,20.9,False
2016,강남대학교 ,13.1,False
2016,강서대학교 ,8.7,False
2016,강원대학교 ,21.9,False
2016,강원대학교 _제2캠퍼스,49.1,False
2016,건국대학교 ,19.2,False
2016,건국대학교(글로컬) _분교,27.0,False
2016,건양대학교 ,42.1,False
2016,건양대학교 _제2캠퍼스,21.8,False
2016,경기대학교 ,19.0,False
2016,경기대학교 _제2캠퍼스,0.0,False
2016,경남과학기술대학교 ,10.1,False
2016,경남대학교 ,12.9,False
2016,경동대학교 ,37.6,False
2016,경동대학교 _제3캠퍼스,22.8,False
2016,경동대학교 _제4캠퍼스,0.0,False
2016,경북대학교 ,20.8,False
2016,경상국립대학교 ,29.3,False
2016,경성대학교 ,11.4,False
2016,경운대학교 ,30.4,False
2016,경인교육대학교 ,41.4,False
2016,경인교육대학교 _제2캠퍼스,23.7,False
2016,경일대학교 ,20.9,False
2016,경희대학교 ,18.9,False
2016,계명대학교 ,10.4,False
2016,고려대학교 ,10.4,False
2016,고려대학교(세종) _분교,35.2,False
2016,고신대학교 ,30.3,False
2016,공주교육대학교 ,43.6,False
2016,광신대학교 ,24.1,False
2016,광운대학교 ,1.8,False
2016,광주가톨릭대학교 ,210.4,False
2016,광주과학기술원 ,104.4,False
2016,광주교육대학교 ,35.4,False
2016,광주대학교 ,25.6,False
2016,광주여자대학교 ,28.2,False
2016,국립강릉원주대학교 ,34.6,False
2016,국립강릉원주대학교 _제2캠퍼스,15.5,False
2016,국립경국대학교 ,30.1,False
2016,국립공주대학교 ,29.7,False
2016,국립군산대학교 ,20.4,False
2016,국립금오공과대학교 ,38.5,False
2016,국립목포대학교 ,25.3,False
2016,국립목포해양대학교 ,68.0,False
2016,국립부경대학교 ,16.9,False
2016,국립순천대학교 ,23.1,False
2016,국립창원대학교 ,26.3,False
2016,국립한국교통대학교 ,24.1,False
2016,국립한국해양대학교 ,36.8,False
2016,국립한밭대학교 ,13.5,False
2016,국민대학교 ,12.6,False
2016,극동대학교 ,11.2,False
2016,금강대학교 ,115.1,False
2016,김천대학교 ,55.1,False
2016,나사렛대학교 ,20.6,False
2016,남부대학교 ,18.8,False
2016,남서울대학교 ,12.9,False
2016,단국대학교 ,19.8,False
2016,단국대학교 _제2캠퍼스,18.5,False
2016,대구가톨릭대학교 ,23.6,False
2016,대구경북과학기술원 ,196.6,False
2016,대구교육대학교 ,26.6,False
2016,대구대학교 ,18.6,False
2016,대구예술대학교 ,16.1,False
2016,대구외국어대학교 ,40.7,False
2016,대구한의대학교 ,14.8,False
2016,대신대학교 ,48.8,False
2016,대전가톨릭대학교 ,451.3,False
2016,대전대학교 ,14.3,False
2016,대전신학대학교 ,45.0,False
2016,대진대학교 ,19.4,False
2016,덕성여자대학교 ,13.5,False
2016,동국대학교 ,9.0,False
2016,동국대학교(WISE) _분교,21.5,False
2016,동덕여자대학교 ,3.7,False
2016,동명대학교 ,12.7,False
2016,동서대학교 ,18.2,False
2016,동신대학교 ,20.8,False
2016,동아대학교 ,12.1,False
2016,동양대학교 ,51.9,False
2016,동의대학교 ,19.2,False
2016,루터대학교 ,23.6,False
2016,명지대학교 ,27.8,False
2016,명지대학교 _제2캠퍼스,11.5,False
2016,목원대학교 ,16.2,False
2016,목포가톨릭대학교 ,35.6,False
2016,배재대학교 ,18.9,False
2016,백석대학교 ,19.3,False
2016,부산가톨릭대학교 ,15.6,False
2016,부산교육대학교 ,44.1,False
2016,부산대학교 ,15.9,False
2016,부산외국어대학교 ,17.9,False
2016,부산장신대학교 ,40.6,False
2016,삼육대학교 ,12.9,False
2016,상명대학교 ,9.4,False
2016,상명대학교(천안) _분교,16.8,False
2016,상지대학교 ,11.7,False
2016,서강대학교 ,12.4,False
2016,서경대학교 ,5.9,False
2016,서남대학교 ,35.7,False
2016,서남대학교 _제2캠퍼스,68.0,False
2016,서울과학기술대학교 ,13.9,False
2016,서울교육대학교 ,58.2,False
2016,서울기독대학교 ,12.4,False
2016,서울대학교 ,20.9,False
2016,서울시립대학교 ,7.9,False
2016,서울신학대학교 ,13.4,False
2016,서울여자대학교 ,10.9,False
2016,서울장신대학교 ,38.0,False
2016,서울한영대학교 ,2.2,False
2016,서원대학교 ,13.2,False
2016,선문대학교 ,40.2,False
2016,성결대학교 ,6.2,False
2016,성공회대학교 ,6.6,False
2016,성균관대학교 ,22.7,False
2016,성신여자대학교 ,7.2,False
2016,세명대학교 ,42.4,False
2016,세종대학교 ,11.6,False
2016,세한대학교 ,59.9,False
2016,세한대학교 _제2캠퍼스,24.2,False
2016,송원대학교 ,17.8,False
2016,수원가톨릭대학교 ,126.4,False
2016,수원대학교 ,8.8,False
2016,숙명여자대학교 ,9.4,False
2016,순복음총회신학교 ,46.4,False
2016,순천향대학교 ,37.9,False
2016,숭실대학교 ,12.0,False
2016,신경주대학교 ,18.4,False
2016,신라대학교 ,12.4,False
2016,신한대학교 ,0.0,False
2016,신한대학교 _제2캠퍼스,1.7,False
2016,아신대학교 ,26.8,False
2016,아주대학교 ,24.7,False
2016,안양대학교 ,0.6,False
2016,안양대학교 _제2캠퍼스,26.8,False
2016,연세대학교 ,31.5,False
2016,연세대학교(미래) _분교,55.6,False
2016,영남대학교 ,14.2,False
2016,영남신학대학교 ,53.0,False
2016,영산대학교 ,24.2,False
2016,영산대학교 _제2캠퍼스,18.9,False
2016,영산선학대학교 ,173.7,False
2016,예수대학교 ,29.2,False
2016,예원예술대학교 ,0.0,False
2016,예원예술대학교 _제2캠퍼스,44.6,False
2016,용인대학교 ,12.6,False
2016,우석대학교 ,28.3,False
2016,우송대학교 ,25.1,False
2016,울산과학기술원 ,82.1,False
2016,울산대학교 ,15.5,False
2016,원광대학교 ,21.3,False
2016,위덕대학교 ,20.9,False
2016,유원대학교 ,41.4,False
2016,을지대학교 ,20.7,False
2016,을지대학교 _제2캠퍼스,12.1,False
2016,이화여자대학교 ,11.3,False
2016,인제대학교 ,22.0,False
2016,인제대학교 _제2캠퍼스,10.3,False
2016,인천가톨릭대학교 ,23.7,False
2016,인천대학교 ,7.6,False
2016,인하대학교 ,12.0,False
2016,장로회신학대학교 ,34.0,False
2016,전남대학교 ,18.5,False
2016,전남대학교 _제2캠퍼스,32.3,False
2016,전북대학교 ,20.1,False
2016,전주교육대학교 ,40.4,False
2016,전주대학교 ,17.1,False
2016,정석대학 ,0.0,False
2016,제주국제대학교 ,9.7,False
2016,제주대학교 ,15.9,False
2016,조선대학교 ,11.4,False
2016,중부대학교 ,21.1,False
2016,중앙대학교 ,12.0,False
2016,중앙대학교 _제2캠퍼스,31.6,False
2016,중앙승가대학교 ,128.9,False
2016,중원대학교 ,75.1,False
2016,진주교육대학교 ,33.0,False
2016,차의과학대학교 ,28.1,False
2016,창신대학교 ,57.9,False
2016,청운대학교 ,19.7,False
2016,청주교육대학교 ,49.2,False
2016,청주대학교 ,17.9,False
2016,초당대학교 ,43.5,False
2016,총신대학교 ,51.2,False
2016,추계예술대학교 ,2.9,False
2016,춘천교육대학교 ,55.3,False
2016,충남대학교 ,22.4,False
2016,충북대학교 ,24.2,False
2016,칼빈대학교 ,77.9,False
2016,평택대학교 ,23.4,False
2016,포항공과대학교 ,110.2,False
2016,한경국립대학교 ,13.8,False
2016,한국공학대학교 ,21.3,False
2016,한국과학기술원 ,75.9,False
2016,한국교원대학교 ,59.9,False
2016,한국국제대학교 ,35.5,False
2016,한국기술교육대학교 ,69.5,False
2016,한국방송통신대학교 ,0.0,False
2016,한국성서대학교 ,16.8,False
2016,한국예술종합학교 ,12.0,False
2016,한국외국어대학교 ,16.7,False
2016,한국전통문화대학교(일반) ,99.3,False
2016,한국체육대학교 ,29.5,False
2016,한국침례신학대학교 ,35.1,False
2016,한국항공대학교 ,17.3,False
2016,한남대학교 ,12.1,False
2016,한동대학교 ,73.2,False
2016,한라대학교 ,15.3,False
2016,한려대학교 ,80.5,False
2016,한림대학교 ,31.4,False
2016,한서대학교 ,29.4,False
2016,한성대학교 ,3.4,False
2016,한세대학교 ,11.8,False
2016,한신대학교 ,17.7,False
2016,한양대학교 ,11.3,False
2016,한양대학교(ERICA) _분교,27.3,False
2016,한일장신대학교 ,24.6,False
2016,한중대학교 ,55.6,False
2016,협성대학교 ,9.4,False
2016,호남대학교 ,20.0,False
2016,호남신학대학교 ,32.7,False
2016,호서대학교 ,16.4,False
2016,호원대학교 ,39.7,False
2016,홍익대학교 ,11.3,False
2016,홍익대학교(세종) _분교,21.6,False
2016,화성의과학대학교 ,12.8,False
2015,가야대학교(김해) ,25.3,False
2015,가천대학교 ,4.4,False
2015,가톨릭관동대학교 ,34.2,False
2015,가톨릭꽃동네대학교 ,82.9,False
2015,가톨릭대학교 ,13.6,False
2015,가톨릭대학교 _제2캠퍼스,7.5,False
2015,가톨릭대학교 _제3캠퍼스,54.9,False
2015,감리교신학대학교 ,21.1,False
2015,강남대학교 ,12.4,False
2015,강서대학교 ,8.2,False
2015,강원대학교 ,24.2,False
2015,강원대학교 _제2캠퍼스,46.5,False
2015,건국대학교 ,18.9,False
2015,건국대학교(글로컬) _분교,26.5,False
2015,건양대학교 ,38.7,False
2015,건양대학교 _제2캠퍼스,22.3,False
2015,경기대학교 ,18.4,False
2015,경기대학교 _제2캠퍼스,0.0,False
2015,경남과학기술대학교 ,9.6,False
2015,경남대학교 ,12.4,False
2015,경동대학교 ,42.4,False
2015,경동대학교 _제2캠퍼스,543.1,False
2015,경동대학교 _제3캠퍼스,0.0,False
2015,경동대학교 _제4캠퍼스,0.0,False
2015,경북대학교 ,20.4,False
2015,경상국립대학교 ,28.0,False
2015,경성대학교 ,10.9,False
2015,경운대학교 ,30.3,False
2015,경인교육대학교 ,41.4,False
2015,경인교육대학교 _제2캠퍼스,23.9,False
2015,경일대학교 ,21.0,False
2015,경희대학교 ,19.2,False
2015,계명대학교 ,9.9,False
2015,고려대학교 ,10.5,False
2015,고려대학교(세종) _분교,34.7,False
2015,고신대학교 ,29.4,False
2015,공주교육대학교 ,43.6,False
2015,광신대학교 ,24.1,False
2015,광운대학교 ,1.7,False
2015,광주가톨릭대학교 ,189.0,False
2015,광주과학기술원 ,117.4,False
2015,광주교육대학교 ,35.2,False
2015,광주대학교 ,25.0,False
2015,광주여자대학교 ,27.3,False
2015,국립강릉원주대학교 ,27.7,False
2015,국립강릉원주대학교 _제2캠퍼스,15.2,False
2015,국립경국대학교 ,29.2,False
2015,국립공주대학교 ,27.4,False
2015,국립군산대학교 ,18.7,False
2015,국립금오공과대학교 ,24.2,False
2015,국립목포대학교 ,24.0,False
2015,국립목포해양대학교 ,64.5,False
2015,국립부경대학교 ,11.6,False
2015,국립순천대학교 ,22.2,False
2015,국립창원대학교 ,25.2,False
2015,국립한국교통대학교 ,20.7,False
2015,국립한국해양대학교 ,33.3,False
2015,국립한밭대학교 ,13.1,False
2015,국민대학교 ,11.0,False
2015,극동대학교 ,11.1,False
2015,금강대학교 ,120.4,False
2015,김천대학교 ,54.3,False
2015,나사렛대학교 ,19.9,False
2015,남부대학교 ,17.9,False
2015,남서울대학교 ,12.5,False
2015,단국대학교 ,18.9,False
2015,단국대학교 _제2캠퍼스,17.2,False
2015,대구가톨릭대학교 ,23.4,False
2015,대구교육대학교 ,26.7,False
2015,대구대학교 ,17.7,False
2015,대구예술대학교 ,15.4,False
2015,대구외국어대학교 ,39.4,False
2015,대구한의대학교 ,16.0,False
2015,대신대학교 ,47.9,False
2015,대전가톨릭대학교 ,425.4,False
2015,대전대학교 ,14.2,False
2015,대전신학대학교 ,45.8,False
2015,대진대학교 ,18.6,False
2015,덕성여자대학교 ,13.0,False
2015,동국대학교 ,6.1,False
2015,동국대학교(WISE) _분교,21.1,False
2015,동덕여자대학교 ,3.3,False
2015,동명대학교 ,10.4,False
2015,동서대학교 ,18.0,False
2015,동신대학교 ,20.6,False
2015,동아대학교 ,8.4,False
2015,동양대학교 ,50.0,False
2015,동의대학교 ,9.0,False
2015,루터대학교 ,22.6,False
2015,명지대학교 ,26.6,False
2015,명지대학교 _제2캠퍼스,10.9,False
2015,목원대학교 ,15.5,False
2015,목포가톨릭대학교 ,54.7,False
2015,배재대학교 ,17.9,False
2015,백석대학교 ,6.9,False
2015,부산가톨릭대학교 ,15.3,False
2015,부산교육대학교 ,44.0,False
2015,부산대학교 ,15.6,False
2015,부산외국어대학교 ,14.1,False
2015,부산장신대학교 ,40.9,False
2015,삼육대학교 ,11.2,False
2015,상명대학교 ,7.4,False
2015,상명대학교(천안) _분교,16.6,False
2015,상지대학교 ,10.7,False
2015,서강대학교 ,12.2,False
2015,서경대학교 ,5.5,False
2015,서남대학교 ,35.2,False
2015,서남대학교 _제2캠퍼스,68.3,False
2015,서울과학기술대학교 ,13.8,False
2015,서울교육대학교 ,57.8,False
2015,서울기독대학교 ,11.0,False
2015,서울대학교 ,20.4,False
2015,서울시립대학교 ,7.4,False
2015,서울신학대학교 ,13.5,False
2015,서울여자대학교 ,10.7,False
2015,서울장신대학교 ,36.4,False
2015,서울한영대학교 ,3.6,False
2015,서원대학교 ,13.2,False
2015,선문대학교 ,38.1,False
2015,성결대학교 ,3.4,False
2015,성공회대학교 ,6.1,False
2015,성균관대학교 ,22.5,False
2015,성신여자대학교 ,6.8,False
2015,세명대학교 ,40.5,False
2015,세종대학교 ,11.3,False
2015,세한대학교 ,49.7,False
2015,세한대학교 _제2캠퍼스,38.8,False
2015,송원대학교 ,10.9,False
2015,수원가톨릭대학교 ,122.1,False
2015,수원대학교 ,8.2,False
2015,숙명여자대학교 ,8.8,False
2015,순복음총회신학교 ,53.0,False
2015,순천향대학교 ,36.1,False
2015,숭실대학교 ,11.6,False
2015,신경주대학교 ,16.1,False
2015,신라대학교 ,11.7,False
2015,신한대학교 ,0.0,False
2015,신한대학교 _제2캠퍼스,2.3,False
2015,아신대학교 ,25.1,False
2015,아주대학교 ,23.8,False
2015,안양대학교 ,0.6,False
2015,안양대학교 _제2캠퍼스,26.6,False
2015,연세대학교 ,31.2,False
2015,연세대학교(미래) _분교,55.0,False
2015,영남대학교 ,14.6,False
2015,영남신학대학교 ,60.3,False
2015,영산대학교 ,23.1,False
2015,영산대학교 _제2캠퍼스,17.9,False
2015,영산선학대학교 ,100.0,False
2015,예수대학교 ,28.8,False
2015,예원예술대학교 ,0.0,False
2015,예원예술대학교 _제2캠퍼스,22.1,False
2015,용인대학교 ,12.8,False
2015,우석대학교 ,28.5,False
2015,우송대학교 ,24.3,False
2015,울산과학기술원 ,89.4,False
2015,울산대학교 ,15.1,False
2015,원광대학교 ,20.3,False
2015,위덕대학교 ,20.8,False
2015,유원대학교 ,41.3,False
2015,을지대학교 ,19.5,False
2015,을지대학교 _제2캠퍼스,11.2,False
2015,이화여자대학교 ,8.7,False
2015,인제대학교 ,21.2,False
2015,인제대학교 _제2캠퍼스,10.3,False
2015,인천가톨릭대학교 ,24.9,False
2015,인천대학교 ,8.0,False
2015,인하대학교 ,11.2,False
2015,장로회신학대학교 ,34.3,False
2015,전남대학교 ,18.2,False
2015,전남대학교 _제2캠퍼스,27.7,False
2015,전북대학교 ,19.2,False
2015,전주교육대학교 ,40.1,False
2015,전주대학교 ,15.8,False
2015,정석대학 ,0.0,False
2015,제주국제대학교 ,12.4,False
2015,제주대학교 ,15.8,False
2015,조선대학교 ,11.2,False
2015,중부대학교 ,20.6,False
2015,중앙대학교 ,12.1,False
2015,중앙대학교 _제2캠퍼스,29.4,False
2015,중앙승가대학교 ,135.4,False
2015,중원대학교 ,61.1,False
2015,진주교육대학교 ,32.6,False
2015,차의과학대학교 ,29.9,False
2015,창신대학교 ,72.9,False
2015,청운대학교 ,20.1,False
2015,청주교육대학교 ,48.7,False
2015,청주대학교 ,18.2,False
2015,초당대학교 ,39.2,False
2015,총신대학교 ,53.1,False
2015,추계예술대학교 ,1.6,False
2015,춘천교육대학교 ,55.3,False
2015,충남대학교 ,22.3,False
2015,충북대학교 ,23.3,False
2015,칼빈대학교 ,57.1,False
2015,평택대학교 ,20.7,False
2015,포항공과대학교 ,113.2,False
2015,한경국립대학교 ,13.8,False
2015,한국공학대학교 ,19.0,False
2015,한국과학기술원 ,75.4,False
2015,한국교원대학교 ,60.4,False
2015,한국국제대학교 ,34.1,False
2015,한국기술교육대학교 ,63.7,False
2015,한국방송통신대학교 ,0.0,False
2015,한국성서대학교 ,15.4,False
2015,한국예술종합학교 ,11.4,False
2015,한국외국어대학교 ,17.7,False
2015,한국전통문화대학교(일반) ,96.8,False
2015,한국체육대학교 ,29.8,False
2015,한국침례신학대학교 ,34.7,False
2015,한국항공대학교 ,11.3,False
2015,한남대학교 ,11.6,False
2015,한동대학교 ,73.7,False
2015,한라대학교 ,15.1,False
2015,한려대학교 ,79.9,False
2015,한림대학교 ,29.8,False
2015,한서대학교 ,26.1,False
2015,한성대학교 ,3.3,False
2015,한세대학교 ,12.2,False
2015,한신대학교 ,17.1,False
2015,한양대학교 ,11.5,False
2015,한양대학교(ERICA) _분교,26.5,False
2015,한일장신대학교 ,20.1,False
2015,한중대학교 ,44.8,False
2015,협성대학교 ,8.9,False
2015,호남대학교 ,19.2,False
2015,호남신학대학교 ,31.9,False
2015,호서대학교 ,16.0,False
2015,호원대학교 ,39.2,False
2015,홍익대학교 ,4.2,False
2015,홍익대학교(세종) _분교,20.8,False
2015,화성의과학대학교 ,0.0,False
2014,가야대학교(고령) _제2캠퍼스,293.3,False
2014,가야대학교(김해) ,23.7,False
2014,가천대학교 ,4.3,False
2014,가톨릭관동대학교 ,33.4,False
2014,가톨릭꽃동네대학교 ,82.7,False
2014,가톨릭대학교 ,13.5,False
2014,가톨릭대학교 _제2캠퍼스,8.4,False
2014,가톨릭대학교 _제3캠퍼스,50.0,False
2014,감리교신학대학교 ,20.9,False
2014,강남대학교 ,12.1,False
2014,강서대학교 ,9.1,False
2014,강원대학교 ,25.1,False
2014,강원대학교 _제2캠퍼스,45.5,False
2014,건국대학교 ,18.6,False
2014,건국대학교(글로컬) _분교,25.9,False
2014,건양대학교 ,32.3,False
2014,건양대학교 _제2캠퍼스,31.1,False
2014,건양사이버대학교 ,0.0,False
2014,경기대학교 ,19.5,False
2014,경기대학교 _제2캠퍼스,0.0,False
2014,경남과학기술대학교 ,9.7,False
2014,경남대학교 ,11.9,False
2014,경동대학교 ,42.6,False
2014,경동대학교 _제2캠퍼스,148.2,False
2014,경동대학교 _제3캠퍼스,0.0,False
2014,경동대학교 _제4캠퍼스,0.0,False
2014,경북대학교 ,18.5,False
2014,경상국립대학교 ,23.1,False
2014,경성대학교 ,6.0,False
2014,경운대학교 ,25.3,False
2014,경인교육대학교 ,78.0,False
2014,경인교육대학교 _제2캠퍼스,15.7,False
2014,경일대학교 ,20.1,False
2014,경희대학교 ,20.0,False
2014,경희사이버대학교 ,0.0,False
2014,계명대학교 ,9.7,False
2014,고려대학교 ,11.0,False
2014,고려대학교(세종) _분교,34.6,False
2014,고려사이버대학교 ,0.0,False
2014,고신대학교 ,27.7,False
2014,공주교육대학교 ,41.2,False
2014,광신대학교 ,25.3,False
2014,광운대학교 ,1.6,False
2014,광주가톨릭대학교 ,200.9,False
2014,광주과학기술원 ,108.5,False
2014,광주교육대학교 ,33.3,False
2014,광주대학교 ,23.0,False
2014,광주여자대학교 ,26.7,False
2014,국립강릉원주대학교 ,27.3,False
2014,국립강릉원주대학교 _제2캠퍼스,15.3,False
2014,국립경국대학교 ,28.6,False
2014,국립공주대학교 ,27.7,False
2014,국립군산대학교 ,15.4,False
2014,국립금오공과대학교 ,24.7,False
2014,국립목포대학교 ,23.3,False
2014,국립목포해양대학교 ,61.3,False
2014,국립부경대학교 ,11.7,False
2014,국립순천대학교 ,21.9,False
2014,국립창원대학교 ,19.9,False
2014,국립한국교통대학교 ,15.9,False
2014,국립한국해양대학교 ,34.3,False
2014,국립한밭대학교 ,13.3,False
2014,국민대학교 ,10.6,False
2014,국제사이버대학교 ,0.0,False
2014,극동대학교 ,11.0,False
2014,글로벌사이버대학교 ,0.0,False
2014,금강대학교 ,106.6,False
2014,김천대학교 ,59.6,False
2014,나사렛대학교 ,19.0,False
2014,남부대학교 ,17.7,False
2014,남서울대학교 ,11.9,False
2014,단국대학교 ,11.4,False
2014,단국대학교 _제2캠퍼스,14.8,False
2014,대구가톨릭대학교 ,18.5,False
2014,대구경북과학기술원 ,249.5,False
2014,대구교육대학교 ,25.7,False
2014,대구대학교 ,17.4,False
2014,대구사이버대학교 ,0.0,False
2014,대구예술대학교 ,15.2,False
2014,대구외국어대학교 ,41.0,False
2014,대구한의대학교 ,15.9,False
2014,대신대학교 ,43.6,False
2014,대전가톨릭대학교 ,439.8,False
2014,대전대학교 ,14.0,False
2014,대전신학대학교 ,38.2,False
2014,대진대학교 ,18.9,False
2014,덕성여자대학교 ,12.7,False
2014,동국대학교 ,7.0,False
2014,동국대학교(WISE) _분교,21.7,False
2014,동덕여자대학교 ,3.2,False
2014,동명대학교 ,10.2,False
2014,동서대학교 ,13.6,False
2014,동신대학교 ,21.1,False
2014,동아대학교 ,8.0,False
2014,동양대학교 ,48.2,False
2014,동의대학교 ,8.2,False
2014,디지털서울문화예술대학교 ,0.0,False
2014,루터대학교 ,19.9,False
2014,명지대학교 ,25.9,False
2014,명지대학교 _제2캠퍼스,10.7,False
2014,목원대학교 ,14.9,False
2014,목포가톨릭대학교 ,55.5,False
2014,배재대학교 ,17.4,False
2014,백석대학교 ,6.7,False
2014,부산가톨릭대학교 ,15.2,False
2014,부산교육대학교 ,43.1,False
2014,부산대학교 ,15.7,False
2014,부산디지털대학교 ,0.0,False
2014,부산외국어대학교 ,20.9,False
2014,부산장신대학교 ,40.1,False
2014,사이버한국외국어대학교 ,0.0,False
2014,삼육대학교 ,10.4,False
2014,상명대학교 ,7.7,False
2014,상명대학교(천안) _분교,15.5,False
2014,상지대학교 ,9.9,False
2014,서강대학교 ,12.1,False
2014,서경대학교 ,0.0,False
2014,서남대학교 ,27.9,False
2014,서남대학교 _제2캠퍼스,46.7,False
2014,서울과학기술대학교 ,13.9,False
2014,서울교육대학교 ,56.4,False
2014,서울기독대학교 ,11.0,False
2014,서울대학교 ,21.7,False
2014,서울디지털대학교 ,0.0,False
2014,서울사이버대학교 ,0.0,False
2014,서울시립대학교 ,7.4,False
2014,서울신학대학교 ,13.4,False
2014,서울여자대학교 ,10.3,False
2014,서울장신대학교 ,37.7,False
2014,서울한영대학교 ,3.8,False
2014,서원대학교 ,4.5,False
2014,선문대학교 ,31.4,False
2014,성결대학교 ,2.5,False
2014,성공회대학교 ,6.4,False
2014,성균관대학교 ,22.2,False
2014,성신여자대학교 ,6.5,False
2014,세명대학교 ,39.9,False
2014,세종대학교 ,5.6,False
2014,세종사이버대학교 ,0.0,False
2014,세한대학교 ,42.7,False
2014,세한대학교 _제2캠퍼스,77.9,False
2014,송원대학교 ,10.9,False
2014,수원가톨릭대학교 ,132.4,False
2014,수원대학교 ,7.8,False
2014,숙명여자대학교 ,8.7,False
2014,순복음총회신학교 ,50.0,False
2014,순천향대학교 ,27.0,False
2014,숭실대학교 ,10.3,False
2014,숭실사이버대학교 ,0.0,False
2014,신경주대학교 ,15.5,False
2014,신라대학교 ,9.9,False
2014,신한대학교 ,0.0,False
2014,신한대학교 _제2캠퍼스,1.2,False
2014,아신대학교 ,26.6,False
2014,아주대학교 ,20.4,False
2014,안양대학교 ,0.6,False
2014,안양대학교 _제2캠퍼스,16.1,False
2014,연세대학교 ,30.6,False
2014,연세대학교(미래) _분교,53.8,False
2014,영남대학교 ,12.6,False
2014,영남신학대학교 ,54.3,False
2014,영산대학교 ,22.4,False
2014,영산대학교 _제2캠퍼스,18.4,False
2014,영산선학대학교 ,157.9,False
2014,예수대학교 ,25.8,False
2014,예원예술대학교 ,38.4,False
2014,예원예술대학교 _제2캠퍼스,21.5,False
2014,용인대학교 ,11.0,False
2014,우석대학교 ,26.8,False
2014,우송대학교 ,23.3,False
2014,울산과학기술원 ,102.9,False
2014,울산대학교 ,13.9,False
2014,원광대학교 ,20.4,False
2014,원광디지털대학교 ,0.0,False
2014,위덕대학교 ,20.3,False
2014,유원대학교 ,42.1,False
2014,을지대학교 ,20.6,False
2014,을지대학교 _제2캠퍼스,11.4,False
2014,이화여자대학교 ,8.3,False
2014,인제대학교 ,21.1,False
2014,인제대학교 _제2캠퍼스,10.0,False
2014,인천가톨릭대학교 ,23.4,False
2014,인천대학교 ,9.7,False
2014,인하대학교 ,11.1,False
2014,장로회신학대학교 ,33.7,False
2014,전남대학교 ,18.1,False
2014,전남대학교 _제2캠퍼스,26.9,False
2014,전북대학교 ,18.6,False
2014,전주교육대학교 ,38.3,False
2014,전주대학교 ,15.2,False
2014,정석대학 ,0.0,False
2014,제주국제대학교 ,18.4,False
2014,제주대학교 ,15.9,False
2014,조선대학교 ,10.8,False
2014,중부대학교 ,20.4,False
2014,중앙대학교 ,7.5,False
2014,중앙대학교 _제2캠퍼스,36.2,False
2014,중앙승가대학교 ,130.5,False
2014,중원대학교 ,74.5,False
2014,진주교육대학교 ,30.9,False
2014,차의과학대학교 ,32.1,False
2014,창신대학교 ,106.0,False
2014,청운대학교 ,17.4,False
2014,청주교육대학교 ,41.3,False
2014,청주대학교 ,17.5,False
2014,초당대학교 ,36.4,False
2014,총신대학교 ,54.9,False
2014,추계예술대학교 ,0.0,False
2014,춘천교육대학교 ,53.3,False
2014,충남대학교 ,19.1,False
2014,충북대학교 ,15.5,False
2014,칼빈대학교 ,58.1,False
2014,평택대학교 ,21.0,False
2014,포항공과대학교 ,114.2,False
2014,한경국립대학교 ,14.0,False
2014,한국공학대학교 ,19.7,False
2014,한국과학기술원 ,72.4,False
2014,한국교원대학교 ,60.0,False
2014,한국국제대학교 ,32.0,False
2014,한국기술교육대학교 ,62.9,False
2014,한국방송통신대학교 ,0.0,False
2014,한국성서대학교 ,15.1,False
2014,한국열린사이버대학교 ,0.0,False
2014,한국예술종합학교 ,9.0,False
2014,한국외국어대학교 ,17.1,False
2014,한국전통문화대학교(일반) ,98.5,False
2014,한국체육대학교 ,29.4,False
2014,한국침례신학대학교 ,34.3,False
2014,한국항공대학교 ,11.2,False
2014,한남대학교 ,11.4,False
2014,한동대학교 ,75.5,False
2014,한라대학교 ,15.1,False
2014,한려대학교 ,0.0,False
2014,한림대학교 ,29.4,False
2014,한서대학교 ,23.6,False
2014,한성대학교 ,3.0,False
2014,한세대학교 ,12.4,False
2014,한신대학교 ,16.7,False
2014,한양대학교 ,10.5,False
2014,한양대학교(ERICA) _분교,26.4,False
2014,한양사이버대학교 ,0.0,False
2014,한일장신대학교 ,20.5,False
2014,한중대학교 ,38.4,False
2014,협성대학교 ,9.0,False
2014,호남대학교 ,20.0,False
2014,호남신학대학교 ,45.2,False
2014,호서대학교 ,15.8,False
2014,호원대학교 ,42.5,False
2014,홍익대학교 ,4.1,False
2014,홍익대학교(세종) _분교,20.2,False
2014,화성의과학대학교 ,0.0,False
2014,화신사이버대학교 ,0.0,False
2013,가야대학교 ,1785.7,False
2013,가야대학교 _제2캠퍼스,24.7,False
2013,가천대학교 ,4.6,False
2013,가톨릭관동대학교 ,35.6,False
2013,가톨릭꽃동네대학교 ,81.6,False
2013,가톨릭대학교 ,13.3,False
2013,가톨릭대학교 _제2캠퍼스,8.1,False
2013,가톨릭대학교 _제3캠퍼스,46.9,False
2013,감리교신학대학교 ,20.7,False
2013,강남대학교 ,12.2,False
2013,강서대학교 ,8.8,False
2013,강원대학교 ,25.4,False
2013,강원대학교 _제2캠퍼스,47.2,False
2013,건국대학교 ,18.0,False
2013,건국대학교(글로컬) _분교,26.3,False
2013,건양대학교 ,31.9,False
2013,건양대학교 _제2캠퍼스,32.5,False
2013,경기대학교 ,19.3,False
2013,경기대학교 _제2캠퍼스,0.0,False
2013,경남과학기술대학교 ,9.9,False
2013,경남대학교 ,10.5,False
2013,경동대학교 ,36.5,False
2013,경동대학교 _제2캠퍼스,84.4,False
2013,경북대학교 ,19.0,False
2013,경상국립대학교 ,24.2,False
2013,경성대학교 ,6.2,False
2013,경운대학교 ,24.6,False
2013,경인교육대학교 ,51.4,False
2013,경인교육대학교 _제2캠퍼스,18.6,False
2013,경일대학교 ,18.7,False
2013,경희대학교 ,19.4,False
2013,계명대학교 ,9.8,False
2013,고려대학교 ,9.3,False
2013,고려대학교(세종) _분교,34.5,False
2013,고신대학교 ,28.6,False
2013,공주교육대학교 ,40.0,False
2013,광신대학교 ,24.9,False
2013,광운대학교 ,1.7,False
2013,광주가톨릭대학교 ,189.6,False
2013,광주과학기술원 ,102.3,False
2013,광주교육대학교 ,30.2,False
2013,광주대학교 ,24.0,False
2013,광주여자대학교 ,27.1,False
2013,국립강릉원주대학교 ,26.9,False
2013,국립강릉원주대학교 _제2캠퍼스,14.9,False
2013,국립경국대학교 ,29.5,False
2013,국립공주대학교 ,28.2,False
2013,국립군산대학교 ,16.2,False
2013,국립금오공과대학교 ,22.1,False
2013,국립목포대학교 ,23.7,False
2013,국립목포해양대학교 ,63.2,False
2013,국립부경대학교 ,11.2,False
2013,국립순천대학교 ,22.4,False
2013,국립창원대학교 ,20.3,False
2013,국립한국교통대학교 ,15.7,False
2013,국립한국해양대학교 ,27.1,False
2013,국립한밭대학교 ,13.3,False
2013,국민대학교 ,10.2,False
2013,극동대학교 ,10.7,False
2013,금강대학교 ,125.4,False
2013,김천대학교 ,67.2,False
2013,나사렛대학교 ,19.7,False
2013,남부대학교 ,18.1,False
2013,남서울대학교 ,12.0,False
2013,단국대학교 ,11.4,False
2013,단국대학교(천안) _분교,11.1,False
2013,대구가톨릭대학교 ,21.0,False
2013,대구경북과학기술원 ,129.4,False
2013,대구교육대학교 ,23.4,False
2013,대구대학교 ,17.6,False
2013,대구예술대학교 ,16.6,False
2013,대구외국어대학교 ,36.6,False
2013,대구한의대학교 ,18.8,False
2013,대신대학교 ,38.0,False
2013,대전가톨릭대학교 ,381.6,False
2013,대전대학교 ,13.0,False
2013,대전신학대학교 ,36.5,False
2013,대진대학교 ,18.7,False
2013,덕성여자대학교 ,9.5,False
2013,동국대학교 ,7.0,False
2013,동국대학교(WISE) _분교,21.7,False
2013,동덕여자대학교 ,3.2,False
2013,동명대학교 ,10.5,False
2013,동서대학교 ,14.4,False
2013,동신대학교 ,18.6,False
2013,동아대학교 ,8.2,False
2013,동양대학교 ,49.4,False
2013,동의대학교 ,8.3,False
2013,루터대학교 ,19.5,False
2013,명지대학교 ,25.5,False
2013,명지대학교 _제2캠퍼스,11.3,False
2013,목원대학교 ,14.4,False
2013,목포가톨릭대학교 ,53.4,False
2013,배재대학교 ,17.4,False
2013,백석대학교 ,6.7,False
2013,부산가톨릭대학교 ,15.9,False
2013,부산교육대학교 ,40.8,False
2013,부산대학교 ,16.0,False
2013,부산외국어대학교 ,11.9,False
2013,부산장신대학교 ,39.8,False
2013,삼육대학교 ,11.4,False
2013,상명대학교 ,8.3,False
2013,상명대학교(천안) _분교,15.6,False
2013,상지대학교 ,10.6,False
2013,서강대학교 ,11.9,False
2013,서경대학교 ,0.0,False
2013,서남대학교 ,0.0,False
2013,서남대학교 _제2캠퍼스,0.0,False
2013,서울과학기술대학교 ,13.7,False
2013,서울교육대학교 ,40.8,False
2013,서울기독대학교 ,10.3,False
2013,서울대학교 ,20.9,False
2013,서울시립대학교 ,7.4,False
2013,서울신학대학교 ,12.6,False
2013,서울여자대학교 ,10.4,False
2013,서울장신대학교 ,36.4,False
2013,서울한영대학교 ,3.4,False
2013,서원대학교 ,4.9,False
2013,선문대학교 ,32.3,False
2013,성결대학교 ,2.1,False
2013,성공회대학교 ,5.9,False
2013,성균관대학교 ,21.6,False
2013,성신여자대학교 ,3.7,False
2013,세명대학교 ,41.0,False
2013,세종대학교 ,5.5,False
2013,세한대학교 ,38.5,False
2013,송원대학교 ,17.2,False
2013,수원가톨릭대학교 ,125.9,False
2013,수원대학교 ,7.7,False
2013,숙명여자대학교 ,8.5,False
2013,순복음총회신학교 ,23.8,False
2013,순천향대학교 ,25.9,False
2013,숭실대학교 ,9.8,False
2013,신경주대학교 ,13.0,False
2013,신라대학교 ,9.8,False
2013,아신대학교 ,29.7,False
2013,아주대학교 ,20.3,False
2013,안양대학교 ,0.6,False
2013,안양대학교 _제2캠퍼스,17.2,False
2013,연세대학교 ,21.6,False
2013,연세대학교(미래) _분교,54.4,False
2013,영남대학교 ,12.8,False
2013,영남신학대학교 ,46.3,False
2013,영산대학교 ,22.6,False
2013,영산대학교 _제2캠퍼스,18.7,False
2013,영산선학대학교 ,97.5,False
2013,예수대학교 ,27.7,False
2013,예원예술대학교 ,40.1,False
2013,용인대학교 ,10.5,False
2013,우석대학교 ,26.1,False
2013,우송대학교 ,24.2,False
2013,울산과학기술원 ,102.1,False
2013,울산대학교 ,13.9,False
2013,원광대학교 ,20.5,False
2013,위덕대학교 ,20.8,False
2013,유원대학교 ,39.0,False
2013,을지대학교 ,19.8,False
2013,을지대학교 _제2캠퍼스,11.3,False
2013,이화여자대학교 ,8.4,False
2013,인제대학교 ,21.3,False
2013,인제대학교 _제2캠퍼스,12.7,False
2013,인천가톨릭대학교 ,23.6,False
2013,인천대학교 ,6.2,False
2013,인하대학교 ,11.0,False
2013,장로회신학대학교 ,36.6,False
2013,전남대학교 ,19.1,False
2013,전남대학교 _제2캠퍼스,27.2,False
2013,전북대학교 ,18.9,False
2013,전주교육대학교 ,35.9,False
2013,전주대학교 ,15.7,False
2013,정석대학 ,0.0,False
2013,제주국제대학교 ,7.0,False
2013,제주대학교 ,16.3,False
2013,조선대학교 ,10.7,False
2013,중부대학교 ,20.5,False
2013,중앙대학교 ,8.7,False
2013,중앙대학교 _제2캠퍼스,31.9,False
2013,중앙승가대학교 ,120.6,False
2013,중원대학교 ,96.3,False
2013,진주교육대학교 ,29.5,False
2013,차의과학대학교 ,35.7,False
2013,창신대학교 ,64.2,False
2013,청운대학교 ,17.4,False
2013,청주교육대학교 ,45.8,False
2013,청주대학교 ,17.7,False
2013,초당대학교 ,34.4,False
2013,총신대학교 ,50.5,False
2013,추계예술대학교 ,0.0,False
2013,춘천교육대학교 ,50.2,False
2013,충남대학교 ,19.4,False
2013,충북대학교 ,15.8,False
2013,칼빈대학교 ,43.3,False
2013,평택대학교 ,21.1,False
2013,포항공과대학교 ,103.7,False
2013,한경국립대학교 ,9.9,False
2013,한국공학대학교 ,20.4,False
2013,한국과학기술원 ,84.2,False
2013,한국교원대학교 ,59.0,False
2013,한국국제대학교 ,31.0,False
2013,한국기술교육대학교 ,65.6,False
2013,한국성서대학교 ,11.5,False
2013,한국예술종합학교 ,9.0,False
2013,한국외국어대학교 ,8.1,False
2013,한국외국어대학교(용인) _분교,30.3,False
2013,한국전통문화대학교(각종) ,108.1,False
2013,한국체육대학교 ,29.0,False
2013,한국침례신학대학교 ,35.0,False
2013,한국항공대학교 ,11.3,False
2013,한남대학교 ,11.6,False
2013,한동대학교 ,75.1,False
2013,한라대학교 ,15.5,False
2013,한림대학교 ,29.6,False
2013,한북대학교 ,0.0,False
2013,한서대학교 ,23.4,False
2013,한성대학교 ,3.0,False
2013,한세대학교 ,15.7,False
2013,한신대학교 ,17.4,False
2013,한양대학교 ,10.6,False
2013,한양대학교(ERICA) _분교,26.6,False
2013,한일장신대학교 ,18.2,False
2013,한중대학교 ,34.4,False
2013,협성대학교 ,10.1,False
2013,호남대학교 ,18.6,False
2013,호남신학대학교 ,50.5,False
2013,호서대학교 ,15.9,False
2013,호원대학교 ,44.8,False
2013,홍익대학교 ,4.1,False
2013,홍익대학교(세종) _분교,20.7,False
2013,화성의과학대학교 ,0.0,False
2012,가야대학교 ,0.0,False
2012,가야대학교 _제2캠퍼스,24.8,False
2012,가천대학교 ,4.1,False
2012,가톨릭관동대학교 ,30.9,False
2012,가톨릭꽃동네대학교 ,82.2,False
2012,가톨릭대학교 ,13.3,False
2012,가톨릭대학교 _제2캠퍼스,8.3,False
2012,가톨릭대학교 _제3캠퍼스,137.9,False
2012,감리교신학대학교 ,18.9,False
2012,강남대학교 ,12.2,False
2012,강서대학교 ,6.1,False
2012,강원대학교 ,25.7,False
2012,강원대학교 _제2캠퍼스,42.3,False
2012,건국대학교 ,19.0,False
2012,건국대학교(글로컬) _분교,27.5,False
2012,건양대학교 ,30.7,False
2012,건양대학교 _제2캠퍼스,17.6,False
2012,경기대학교 ,16.8,False
2012,경남과학기술대학교 ,9.9,False
2012,경남대학교 ,10.1,False
2012,경동대학교 ,51.4,False
2012,경북대학교 ,18.5,False
2012,경상국립대학교 ,24.4,False
2012,경성대학교 ,5.6,False
2012,경운대학교 ,23.8,False
2012,경인교육대학교 ,36.6,False
2012,경인교육대학교 _제2캠퍼스,20.8,False
2012,경일대학교 ,23.0,False
2012,경희대학교 ,20.6,False
2012,계명대학교 ,9.2,False
2012,고려대학교 ,9.2,False
2012,고려대학교(세종) _분교,35.1,False
2012,고신대학교 ,28.6,False
2012,공주교육대학교 ,37.0,False
2012,광신대학교 ,23.8,False
2012,광운대학교 ,1.7,False
2012,광주가톨릭대학교 ,184.4,False
2012,광주과학기술원 ,112.3,False
2012,광주교육대학교 ,28.5,False
2012,광주대학교 ,25.6,False
2012,광주여자대학교 ,26.7,False
2012,국립강릉원주대학교 ,26.3,False
2012,국립강릉원주대학교 _제2캠퍼스,15.2,False
2012,국립경국대학교 ,30.0,False
2012,국립공주대학교 ,28.0,False
2012,국립군산대학교 ,16.3,False
2012,국립금오공과대학교 ,23.2,False
2012,국립목포대학교 ,24.0,False
2012,국립목포해양대학교 ,61.6,False
2012,국립부경대학교 ,12.0,False
2012,국립순천대학교 ,22.5,False
2012,국립창원대학교 ,18.7,False
2012,국립한국교통대학교 ,16.5,False
2012,국립한국해양대학교 ,29.0,False
2012,국립한밭대학교 ,12.9,False
2012,국민대학교 ,10.1,False
2012,극동대학교 ,10.3,False
2012,금강대학교 ,104.5,False
2012,김천대학교 ,87.0,False
2012,나사렛대학교 ,19.9,False
2012,남부대학교 ,18.3,False
2012,남서울대학교 ,12.2,False
2012,단국대학교 ,11.6,False
2012,단국대학교(천안) _분교,12.6,False
2012,대구가톨릭대학교 ,20.2,False
2012,대구경북과학기술원 ,206.3,False
2012,대구교육대학교 ,22.9,False
2012,대구대학교 ,18.5,False
2012,대구예술대학교 ,21.8,False
2012,대구외국어대학교 ,36.0,False
2012,대구한의대학교 ,19.3,False
2012,대신대학교 ,33.2,False
2012,대전가톨릭대학교 ,233.3,False
2012,대전대학교 ,13.0,False
2012,대전신학대학교 ,39.7,False
2012,대진대학교 ,16.4,False
2012,덕성여자대학교 ,8.7,False
2012,동국대학교 ,9.4,False
2012,동국대학교(WISE) _분교,21.7,False
2012,동명대학교 ,10.6,False
2012,동서대학교 ,12.8,False
2012,동신대학교 ,19.2,False
2012,동아대학교 ,7.8,False
2012,동양대학교 ,49.8,False
2012,동의대학교 ,8.3,False
2012,루터대학교 ,18.8,False
2012,명지대학교 ,28.6,False
2012,명지대학교 _제2캠퍼스,11.1,False
2012,목원대학교 ,14.3,False
2012,목포가톨릭대학교 ,54.4,False
2012,배재대학교 ,18.7,False
2012,백석대학교 ,6.1,False
2012,부산가톨릭대학교 ,16.1,False
2012,부산교육대학교 ,37.8,False
2012,부산대학교 ,16.1,False
2012,부산외국어대학교 ,11.6,False
2012,부산장신대학교 ,42.8,False
2012,삼육대학교 ,11.2,False
2012,상명대학교 ,3.1,False
2012,상명대학교(천안) _분교,16.0,False
2012,상지대학교 ,10.3,False
2012,서강대학교 ,11.8,False
2012,서남대학교 ,0.0,False
2012,서남대학교 _제2캠퍼스,0.0,False
2012,서울과학기술대학교 ,13.1,False
2012,서울교육대학교 ,36.8,False
2012,서울기독대학교 ,8.8,False
2012,서울대학교 ,20.6,False
2012,서울시립대학교 ,7.6,False
2012,서울신학대학교 ,12.8,False
2012,서울여자대학교 ,10.1,False
2012,서울장신대학교 ,35.6,False
2012,서울한영대학교 ,3.4,False
2012,서원대학교 ,4.9,False
2012,선문대학교 ,33.5,False
2012,성결대학교 ,1.9,False
2012,성공회대학교 ,6.5,False
2012,성균관대학교 ,21.6,False
2012,성신여자대학교 ,2.8,False
2012,세명대학교 ,44.0,False
2012,세종대학교 ,2.7,False
2012,세한대학교 ,42.1,False
2012,송원대학교 ,26.5,False
2012,수원가톨릭대학교 ,115.9,False
2012,수원대학교 ,7.7,False
2012,숙명여자대학교 ,9.5,False
2012,순복음총회신학교 ,30.9,False
2012,순천향대학교 ,26.2,False
2012,숭실대학교 ,9.7,False
2012,신경주대학교 ,11.2,False
2012,신라대학교 ,9.9,False
2012,아신대학교 ,29.0,False
2012,아주대학교 ,25.6,False
2012,안양대학교 ,0.6,False
2012,안양대학교 _제2캠퍼스,28.7,False
2012,연세대학교 ,19.2,False
2012,연세대학교(미래) _분교,53.6,False
2012,영남대학교 ,13.9,False
2012,영남신학대학교 ,43.3,False
2012,영산대학교 ,17.2,False
2012,영산대학교 _제2캠퍼스,12.6,False
2012,영산선학대학교 ,153.8,False
2012,예수대학교 ,27.3,False
2012,예원예술대학교 ,30.5,False
2012,용인대학교 ,10.3,False
2012,우석대학교 ,25.4,False
2012,우송대학교 ,24.3,False
2012,울산과학기술원 ,121.7,False
2012,울산대학교 ,11.5,False
2012,원광대학교 ,19.8,False
2012,위덕대학교 ,22.8,False
2012,유원대학교 ,46.1,False
2012,을지대학교 ,16.9,False
2012,을지대학교 _제2캠퍼스,10.9,False
2012,이화여자대학교 ,8.2,False
2012,인제대학교 ,21.3,False
2012,인제대학교 _제2캠퍼스,12.5,False
2012,인천가톨릭대학교 ,24.8,False
2012,인천대학교 ,6.4,False
2012,인하대학교 ,10.9,False
2012,장로회신학대학교 ,37.2,False
2012,전남대학교 ,18.9,False
2012,전남대학교 _제2캠퍼스,27.4,False
2012,전북대학교 ,18.8,False
2012,전주교육대학교 ,33.2,False
2012,전주대학교 ,15.4,False
2012,정석대학 ,0.0,False
2012,제주국제대학교 ,5.4,False
2012,제주대학교 ,16.4,False
2012,조선대학교 ,10.6,False
2012,중부대학교 ,20.5,False
2012,중앙대학교 ,9.4,False
2012,중앙대학교 _제2캠퍼스,32.4,False
2012,중앙승가대학교 ,70.4,False
2012,중원대학교 ,134.7,False
2012,진주교육대학교 ,26.5,False
2012,차의과학대학교 ,47.4,False
2012,청운대학교 ,15.3,False
2012,청주교육대학교 ,42.6,False
2012,청주대학교 ,16.7,False
2012,초당대학교 ,33.3,False
2012,총신대학교 ,52.0,False
2012,춘천교육대학교 ,47.6,False
2012,충남대학교 ,19.9,False
2012,충북대학교 ,16.2,False
2012,칼빈대학교 ,38.8,False
2012,평택대학교 ,18.2,False
2012,포항공과대학교 ,104.3,False
2012,한경국립대학교 ,9.9,False
2012,한국공학대학교 ,20.2,False
2012,한국과학기술원 ,88.2,False
2012,한국교원대학교 ,59.8,False
2012,한국국제대학교 ,30.4,False
2012,한국기술교육대학교 ,64.4,False
2012,한국성서대학교 ,11.9,False
2012,한국예술종합학교 ,9.1,False
2012,한국외국어대학교 ,8.1,False
2012,한국외국어대학교(용인) _분교,32.7,False
2012,한국전통문화대학교(각종) ,96.8,False
2012,한국체육대학교 ,29.8,False
2012,한국침례신학대학교 ,38.8,False
2012,한국항공대학교 ,11.0,False
2012,한남대학교 ,11.9,False
2012,한동대학교 ,65.9,False
2012,한라대학교 ,16.7,False
2012,한림대학교 ,30.4,False
2012,한서대학교 ,16.5,False
2012,한성대학교 ,3.2,False
2012,한세대학교 ,13.4,False
2012,한신대학교 ,17.0,False
2012,한양대학교 ,6.3,False
2012,한양대학교(ERICA) _분교,28.4,False
2012,한일장신대학교 ,16.4,False
2012,한중대학교 ,31.5,False
2012,협성대학교 ,10.4,False
2012,호남대학교 ,15.0,False
2012,호남신학대학교 ,48.8,False
2012,호서대학교 ,16.6,False
2012,호원대학교 ,47.3,False
2012,홍익대학교 ,4.2,False
2012,홍익대학교(세종) _분교,20.6,False
2011,가야대학교 ,1454.5,False
2011,가야대학교 _제2캠퍼스,25.3,False
2011,가천대학교 ,4.1,False
2011,가천의과학대학교 ,7.0,False
2011,가톨릭관동대학교 ,32.1,False
2011,가톨릭꽃동네대학교 ,86.0,False
2011,가톨릭대학교 ,13.7,False
2011,가톨릭대학교 _제2캠퍼스,8.0,False
2011,가톨릭대학교 _제3캠퍼스,134.4,False
2011,감리교신학대학교 ,18.7,False
2011,강남대학교 ,12.1,False
2011,강서대학교 ,6.4,False
2011,강원대학교 ,25.7,False
2011,강원대학교 _제2캠퍼스,40.3,False
2011,건국대학교 ,19.2,False
2011,건국대학교(글로컬) _분교,28.4,False
2011,건동대학교 ,74.5,False
2011,건양대학교 ,31.2,False
2011,건양대학교 _제2캠퍼스,19.1,False
2011,경기대학교 ,3.5,False
2011,경남과학기술대학교 ,9.6,False
2011,경남대학교 ,9.0,False
2011,경동대학교 ,50.4,False
2011,경북대학교 ,18.5,False
2011,경상국립대학교 ,24.0,False
2011,경성대학교 ,5.6,False
2011,경운대학교(산업대) ,25.2,False
2011,경인교육대학교 ,27.5,False
2011,경인교육대학교 _제2캠퍼스,25.7,False
2011,경일대학교 ,25.6,False
2011,경희대학교 ,10.1,False
2011,경희대학교 _분교,34.9,False
2011,계명대학교 ,9.2,False
2011,고려대학교 ,6.7,False
2011,고려대학교(세종) _분교,35.9,False
2011,고신대학교 ,30.1,False
2011,공주교육대학교 ,23.4,False
2011,광신대학교 ,23.2,False
2011,광운대학교 ,1.7,False
2011,광주가톨릭대학교 ,162.1,False
2011,광주과학기술원 ,100.0,False
2011,광주교육대학교 ,26.6,False
2011,광주대학교 ,27.1,False
2011,광주여자대학교 ,28.0,False
2011,국립강릉원주대학교 ,27.0,False
2011,국립강릉원주대학교 _제2캠퍼스,16.0,False
2011,국립경국대학교 ,30.1,False
2011,국립공주대학교 ,23.7,False
2011,국립군산대학교 ,16.4,False
2011,국립금오공과대학교 ,23.3,False
2011,국립목포대학교 ,24.2,False
2011,국립목포해양대학교 ,59.6,False
2011,국립부경대학교 ,11.7,False
2011,국립순천대학교 ,22.1,False
2011,국립창원대학교 ,20.4,False
2011,국립한국교통대학교 ,14.0,False
2011,국립한국해양대학교 ,29.6,False
2011,국민대학교 ,10.3,False
2011,극동대학교 ,10.5,False
2011,금강대학교 ,125.6,False
2011,김천대학교 ,110.9,False
2011,나사렛대학교 ,19.7,False
2011,남부대학교 ,20.1,False
2011,남서울대학교(산업대) ,6.4,False
2011,단국대학교 ,12.1,False
2011,단국대학교(천안) _분교,12.7,False
2011,대구가톨릭대학교 ,20.6,False
2011,대구경북과학기술원 ,304.3,False
2011,대구교육대학교 ,21.3,False
2011,대구대학교 ,18.4,False
2011,대구예술대학교 ,26.5,False
2011,대구외국어대학교 ,15.8,False
2011,대구한의대학교 ,19.0,False
2011,대신대학교 ,31.3,False
2011,대전가톨릭대학교 ,227.3,False
2011,대전대학교 ,13.3,False
2011,대전신학대학교 ,43.4,False
2011,대진대학교 ,16.2,False
2011,덕성여자대학교 ,9.2,False
2011,동국대학교 ,4.7,False
2011,동국대학교(WISE) _분교,18.6,False
2011,동명대학교 ,10.5,False
2011,동서대학교 ,14.0,False
2011,동신대학교 ,20.0,False
2011,동아대학교 ,5.9,False
2011,동양대학교 ,59.0,False
2011,동의대학교 ,8.4,False
2011,루터대학교 ,17.0,False
2011,명신대학교 ,20.1,False
2011,명지대학교 ,27.2,False
2011,명지대학교 _제2캠퍼스,12.3,False
2011,목원대학교 ,14.2,False
2011,목포가톨릭대학교 ,53.7,False
2011,배재대학교 ,18.8,False
2011,백석대학교 ,6.3,False
2011,부산가톨릭대학교 ,8.5,False
2011,부산교육대학교 ,34.7,False
2011,부산대학교 ,16.2,False
2011,부산외국어대학교 ,11.5,False
2011,부산장신대학교 ,46.4,False
2011,삼육대학교 ,11.7,False
2011,상명대학교 ,0.0,False
2011,상명대학교(천안) _분교,14.6,False
2011,상지대학교 ,9.5,False
2011,서강대학교 ,12.0,False
2011,서남대학교 ,0.0,False
2011,서남대학교 _제2캠퍼스,0.0,False
2011,서울과학기술대학교(산업대) ,11.6,False
2011,서울교육대학교 ,34.7,False
2011,서울기독대학교 ,10.7,False
2011,서울대학교 ,20.7,False
2011,서울시립대학교 ,8.6,False
2011,서울신학대학교 ,12.6,False
2011,서울여자대학교 ,10.5,False
2011,서울장신대학교 ,36.2,False
2011,서울한영대학교 ,3.9,False
2011,서원대학교 ,5.0,False
2011,선교청대학교 ,56.9,False
2011,선문대학교 ,37.1,False
2011,성결대학교 ,1.8,False
2011,성공회대학교 ,6.4,False
2011,성균관대학교 ,20.8,False
2011,성신여자대학교 ,2.3,False
2011,세명대학교 ,45.6,False
2011,세종대학교 ,1.4,False
2011,세한대학교 ,40.2,False
2011,수원가톨릭대학교 ,179.7,False
2011,수원대학교 ,7.8,False
2011,숙명여자대학교 ,8.8,False
2011,순천향대학교 ,26.4,False
2011,숭실대학교 ,9.4,False
2011,신경주대학교 ,21.7,False
2011,신라대학교 ,10.2,False
2011,아신대학교 ,30.3,False
2011,아주대학교 ,25.9,False
2011,안양대학교 ,0.6,False
2011,안양대학교 _제2캠퍼스,22.0,False
2011,연세대학교 ,19.1,False
2011,연세대학교(미래) _분교,54.2,False
2011,영남대학교 ,13.9,False
2011,영남신학대학교 ,42.7,False
2011,영산대학교 ,19.9,False
2011,영산대학교 _제2캠퍼스,14.4,False
2011,영산선학대학교 ,179.5,False
2011,예수대학교 ,27.9,False
2011,용인대학교 ,10.0,False
2011,우석대학교 ,26.1,False
2011,우송대학교 ,28.4,False
2011,울산과학기술원 ,104.7,False
2011,울산대학교 ,12.5,False
2011,원광대학교 ,19.6,False
2011,위덕대학교 ,20.0,False
2011,유원대학교 ,45.2,False
2011,을지대학교 ,20.9,False
2011,을지대학교 _제2캠퍼스,10.6,False
2011,이화여자대학교 ,7.6,False
2011,인제대학교 ,21.4,False
2011,인제대학교 _제2캠퍼스,11.2,False
2011,인천가톨릭대학교 ,29.4,False
2011,인천대학교 ,7.5,False
2011,인하대학교 ,11.0,False
2011,장로회신학대학교 ,36.8,False
2011,전남대학교 ,18.7,False
2011,전남대학교 _제2캠퍼스,26.3,False
2011,전북대학교 ,17.9,False
2011,전북대학교 _제2캠퍼스,29.5,False
2011,전주교육대학교 ,32.0,False
2011,전주대학교 ,15.8,False
2011,제주대학교 ,15.7,False
2011,조선대학교 ,10.9,False
2011,중부대학교 ,19.6,False
2011,중앙대학교 ,9.9,False
2011,중앙대학교(안성) _분교,28.0,False
2011,중앙승가대학교 ,145.9,False
2011,중원대학교 ,96.2,False
2011,진주교육대학교 ,25.3,False
2011,차의과학대학교 ,53.7,False
2011,청운대학교 ,14.9,False
2011,청주교육대학교 ,39.7,False
2011,청주대학교 ,16.4,False
2011,초당대학교(산업대) ,36.0,False
2011,총신대학교 ,52.9,False
2011,춘천교육대학교 ,43.9,False
2011,충남대학교 ,22.8,False
2011,충북대학교 ,16.4,False
2011,칼빈대학교 ,38.6,False
2011,탐라대학교 ,54.8,False
2011,평택대학교 ,19.2,False
2011,포항공과대학교 ,104.2,False
2011,한경대학교(산업대) ,9.4,False
2011,한국과학기술원 ,79.5,False
2011,한국교원대학교 ,60.7,False
2011,한국국제대학교 ,36.1,False
2011,한국기술교육대학교 ,70.7,False
2011,한국산업기술대학교(산업대) ,21.2,False
2011,한국성서대학교 ,13.9,False
2011,한국예술종합학교 ,9.1,False
2011,한국외국어대학교 ,8.4,False
2011,한국외국어대학교(용인) _분교,12.1,False
2011,한국전통문화대학교(각종) ,102.5,False
2011,한국체육대학교 ,26.1,False
2011,한국침례신학대학교 ,36.1,False
2011,한국항공대학교 ,9.9,False
2011,한남대학교 ,11.3,False
2011,한동대학교 ,65.7,False
2011,한라대학교 ,17.4,False
2011,한림대학교 ,30.1,False
2011,한민학교 ,16.1,False
2011,한밭대학교(산업대) ,13.0,False
2011,한서대학교 ,17.3,False
2011,한성대학교 ,1.9,False
2011,한세대학교 ,13.3,False
2011,한신대학교 ,17.6,False
2011,한양대학교 ,8.9,False
2011,한양대학교(ERICA) _분교,28.9,False
2011,한일장신대학교 ,13.2,False
2011,한중대학교 ,30.3,False
2011,협성대학교 ,8.9,False
2011,호남대학교 ,16.1,False
2011,호남신학대학교 ,79.8,False
2011,호서대학교 ,17.1,False
2011,호원대학교 ,44.3,False
2011,홍익대학교 ,4.3,False
2011,홍익대학교(세종) _분교,21.0,False
2010,가야대학교 ,26.7,False
2010,가야대학교 _제2캠퍼스,914.3,False
2010,가천대학교 ,4.4,False
2010,가천의과학대학교 ,7.9,False
2010,가톨릭관동대학교 ,35.9,False
2010,가톨릭꽃동네대학교 ,85.8,False
2010,가톨릭대학교 ,13.6,False
2010,가톨릭대학교 _제2캠퍼스,8.1,False
2010,가톨릭대학교 _제3캠퍼스,124.5,False
2010,감리교신학대학교 ,21.1,False
2010,강남대학교 ,12.2,False
2010,강서대학교 ,5.8,False
2010,강원대학교 ,24.7,False
2010,강원대학교 _제2캠퍼스,34.4,False
2010,건국대학교 ,20.3,False
2010,건국대학교(글로컬) _분교,29.8,False
2010,건동대학교 ,87.3,False
2010,건양대학교 ,28.5,False
2010,건양대학교 _제2캠퍼스,0.0,False
2010,경기대학교 ,3.5,False
2010,경기대학교 _제2캠퍼스,2.0,False
2010,경남대학교 ,9.1,False
2010,경동대학교 ,54.7,False
2010,경북대학교 ,18.5,False
2010,경상국립대학교 ,24.6,False
2010,경성대학교 ,5.3,False
2010,경운대학교(산업대) ,23.2,False
2010,경인교육대학교 ,31.0,False
2010,경인교육대학교 _제2캠퍼스,18.7,False
2010,경일대학교 ,21.1,False
2010,경희대학교 ,10.3,False
2010,경희대학교 _분교,35.3,False
2010,계명대학교 ,13.0,False
2010,고려대학교 ,8.8,False
2010,고려대학교(세종) _분교,35.7,False
2010,고신대학교 ,30.9,False
2010,공주교육대학교 ,39.6,False
2010,광신대학교 ,26.3,False
2010,광운대학교 ,1.8,False
2010,광주가톨릭대학교 ,138.1,False
2010,광주과학기술원 ,106.1,False
2010,광주교육대학교 ,25.5,False
2010,광주대학교 ,28.5,False
2010,광주여자대학교 ,28.1,False
2010,국립강릉원주대학교 ,27.0,False
2010,국립강릉원주대학교 _제2캠퍼스,16.0,False
2010,국립경국대학교 ,29.7,False
2010,국립공주대학교 ,23.1,False
2010,국립군산대학교 ,16.5,False
2010,국립금오공과대학교 ,24.0,False
2010,국립목포대학교 ,25.1,False
2010,국립목포해양대학교 ,61.3,False
2010,국립부경대학교 ,11.6,False
2010,국립순천대학교 ,23.2,False
2010,국립창원대학교 ,21.2,False
2010,국립한국교통대학교 ,10.7,False
2010,국립한국해양대학교 ,29.8,False
2010,국민대학교 ,6.2,False
2010,극동대학교 ,10.8,False
2010,금강대학교 ,126.6,False
2010,김천대학교 ,190.5,False
2010,나사렛대학교 ,20.4,False
2010,남부대학교 ,24.2,False
2010,남서울대학교(산업대) ,6.6,False
2010,단국대학교 ,12.8,False
2010,단국대학교(천안) _분교,13.4,False
2010,대구가톨릭대학교 ,20.1,False
2010,대구가톨릭대학교 _제2캠퍼스,94.0,False
2010,대구가톨릭대학교 _제3캠퍼스,11.6,False
2010,대구교육대학교 ,20.5,False
2010,대구대학교 ,15.6,False
2010,대구예술대학교 ,24.2,False
2010,대구외국어대학교 ,16.7,False
2010,대구한의대학교 ,4.6,False
2010,대신대학교 ,31.3,False
2010,대전가톨릭대학교 ,310.1,False
2010,대전대학교 ,13.9,False
2010,대전신학대학교 ,44.4,False
2010,대진대학교 ,15.0,False
2010,덕성여자대학교 ,5.9,False
2010,동국대학교 ,3.7,False
2010,동국대학교(WISE) _분교,18.2,False
2010,동덕여자대학교 ,0.0,False
2010,동명대학교 ,11.2,False
2010,동서대학교 ,9.7,False
2010,동신대학교 ,20.8,False
2010,동아대학교 ,5.9,False
2010,동양대학교 ,62.1,False
2010,동의대학교 ,4.6,False
2010,디지털서울문화예술대학교 ,0.0,False
2010,루터대학교 ,19.1,False
2010,명신대학교 ,15.2,False
2010,명지대학교 ,27.2,False
2010,명지대학교 _제2캠퍼스,12.9,False
2010,목원대학교 ,14.5,False
2010,목포가톨릭대학교 ,51.6,False
2010,배재대학교 ,19.1,False
2010,백석대학교 ,6.9,False
2010,부산가톨릭대학교 ,10.0,False
2010,부산교육대학교 ,32.5,False
2010,부산대학교 ,14.8,False
2010,부산외국어대학교 ,11.6,False
2010,부산장신대학교 ,48.5,False
2010,삼육대학교 ,25.5,False
2010,상명대학교(천안) _분교,17.9,False
2010,상지대학교 ,10.4,False
2010,서강대학교 ,12.5,False
2010,서경대학교 ,0.0,False
2010,서남대학교 ,40.1,False
2010,서남대학교 _제2캠퍼스,0.0,False
2010,서울과학기술대학교(산업대) ,12.6,False
2010,서울교육대학교 ,20.7,False
2010,서울기독대학교 ,11.3,False
2010,서울대학교 ,12.0,False
2010,서울시립대학교 ,6.4,False
2010,서울신학대학교 ,12.7,False
2010,서울여자대학교 ,11.0,False
2010,서울장신대학교 ,37.8,False
2010,서원대학교 ,5.1,False
2010,선교청대학교 ,77.2,False
2010,선문대학교 ,27.5,False
2010,성결대학교 ,1.7,False
2010,성공회대학교 ,0.0,False
2010,성균관대학교 ,20.2,False
2010,성신여자대학교 ,2.3,False
2010,세명대학교 ,48.9,False
2010,세종대학교 ,1.5,False
2010,세한대학교 ,41.5,False
2010,수원가톨릭대학교 ,185.7,False
2010,수원대학교 ,7.8,False
2010,숙명여자대학교 ,7.4,False
2010,순복음총회신학교 ,52.5,False
2010,순천향대학교 ,18.3,False
2010,숭실대학교 ,10.8,False
2010,신경주대학교 ,10.4,False
2010,신라대학교 ,9.8,False
2010,아신대학교 ,28.5,False
2010,아주대학교 ,22.5,False
2010,안양대학교 _제2캠퍼스,23.6,False
2010,연세대학교 ,12.5,False
2010,연세대학교(미래) _분교,55.6,False
2010,영남대학교 ,14.3,False
2010,영남신학대학교 ,41.8,False
2010,영산대학교 ,23.7,False
2010,영산대학교 _제2캠퍼스,16.7,False
2010,영산선학대학교 ,540.5,False
2010,예수대학교 ,23.4,False
2010,예원예술대학교 ,0.0,False
2010,용인대학교 ,8.7,False
2010,우석대학교 ,25.9,False
2010,우송대학교 ,24.9,False
2010,울산과학기술원 ,106.5,False
2010,울산대학교 ,12.1,False
2010,원광대학교 ,18.6,False
2010,원광디지털대학교 ,0.0,False
2010,위덕대학교 ,21.1,False
2010,유원대학교 ,54.4,False
2010,을지대학교 ,7.6,False
2010,을지대학교 _제2캠퍼스,10.7,False
2010,이화여자대학교 ,7.8,False
2010,인제대학교 ,21.4,False
2010,인제대학교 _제2캠퍼스,12.1,False
2010,인천가톨릭대학교 ,51.3,False
2010,인천대학교 ,10.1,False
2010,인하대학교 ,11.1,False
2010,장로회신학대학교 ,40.7,False
2010,전남대학교 ,22.2,False
2010,전남대학교 _제2캠퍼스,25.4,False
2010,전북대학교 ,14.4,False
2010,전북대학교 _제2캠퍼스,71.4,False
2010,전주교육대학교 ,30.6,False
2010,전주대학교 ,18.8,False
2010,제주대학교 ,17.6,False
2010,조선대학교 ,6.1,False
2010,중부대학교 ,19.3,False
2010,중앙대학교 ,4.5,False
2010,중앙대학교(안성) _분교,27.4,False
2010,중앙승가대학교 ,142.9,False
2010,중원대학교 ,133.3,False
2010,진주교육대학교 ,23.5,False
2010,진주산업대학교(산업대) ,9.2,False
2010,차의과학대학교 ,59.9,False
2010,청운대학교 ,16.0,False
2010,청주교육대학교 ,37.6,False
2010,청주대학교 ,16.8,False
2010,초당대학교(산업대) ,41.4,False
2010,총신대학교 ,63.6,False
2010,춘천교육대학교 ,41.1,False
2010,충남대학교 ,21.3,False
2010,충북대학교 ,16.5,False
2010,칼빈대학교 ,47.3,False
2010,탐라대학교 ,55.4,False
2010,평택대학교 ,20.2,False
2010,포항공과대학교 ,109.8,False
2010,한경대학교(산업대) ,9.0,False
2010,한국과학기술원 ,73.1,False
2010,한국교원대학교 ,66.2,False
2010,한국국제대학교 ,25.7,False
2010,한국기술교육대학교 ,73.9,False
2010,한국산업기술대학교(산업대) ,21.8,False
2010,한국성서대학교 ,14.0,False
2010,한국예술종합학교 ,12.3,False
2010,한국외국어대학교 ,8.4,False
2010,한국외국어대학교(용인) _분교,12.5,False
2010,한국전통문화대학교(각종) ,100.2,False
2010,한국체육대학교 ,27.9,False
2010,한국침례신학대학교 ,53.3,False
2010,한국항공대학교 ,10.0,False
2010,한남대학교 ,11.8,False
2010,한동대학교 ,69.0,False
2010,한라대학교 ,18.8,False
2010,한림대학교 ,20.8,False
2010,한민학교 ,15.5,False
2010,한밭대학교(산업대) ,13.0,False
2010,한서대학교 ,15.4,False
2010,한성대학교 ,2.0,False
2010,한세대학교 ,14.1,False
2010,한신대학교 ,17.8,False
2010,한양대학교 ,8.3,False
2010,한양대학교(ERICA) _분교,29.5,False
2010,한일장신대학교 ,16.2,False
2010,한중대학교 ,28.7,False
2010,협성대학교 ,8.4,False
2010,호남대학교 ,27.1,False
2010,호남신학대학교 ,33.3,False
2010,호서대학교 ,14.9,False
2010,호원대학교 ,43.6,False
2010,홍익대학교 ,5.0,False
2010,홍익대학교(세종) _분교,26.2,False
